ID,AADT,Length,NumLane,LWIDTH,FuncDum,Shoulder,SHType,SHWidth,SHMark,Median,MedWidth,Medmark,TERRDUM,curv,SEAL,SPEED,LowSp,MedSp,HiSp,PerHV,LOSDUM,ROUGH,RUTT,Rain,Sun,THUNDER,WIND,Fatal,Major,Minor,Crash
1,15692.5,332,1,3,0,0,0,2.1,0,0,5,0,0,0.7975,0,20,1,0,0,"6,935",0,0,0,"26,667","2,667",30,0,0,3,0,3
2,15692.5,333,1,3,0,0,0,2.1,0,0,5,0,0,0.3474,0,20,1,0,0,"6,935",0,0,0,"33,333","2,625",30,0,0,3,0,3
3,12827,200,1,3.2,0,0,0,2.1,0,1,3.5,0,0,0.4595,0,20,1,0,0,8.22,0,0,0,37.5,"2,625",25,0,0,0,0,0
4,12986.25,1064,2,3,0,0,0,2.1,0,1,0,0,1,"1,221",1,60,0,1,0,"5,355",1,60,2.2,30,3,25,0,0,7,1,8
5,28713.75,755,3,4.2,0,0,0,3,0,1,0,0,1,0.6747,1,60,0,1,0,4.66,0,85.5,6.25,60,3,25,0,0,23,6,29
6,12561.75,1458,4,3.2,0,0,0,3,0,0,2.5,0,0,"28,583",1,60,0,1,0,0,0,81.5,3.4,"106,667",3,25,0,0,3,2,5
7,21835,1132,4,3,0,1,0,0,0,0,3.5,0,0,0.3619,1,60,0,1,0,4.92,0,70.5,2.8,"106,667",3,25,0,0,8,5,13
8,21835,772,6,3,0,1,0,0,0,0,5,0,0,0.4051,1,60,0,1,0,4.92,0,87,3.8,"106,667",3,25,0,0,5,1,6
9,28713.75,391,1,4,0,1,0,0,0,1,0,0,0,"13,227",0,20,1,0,0,4.66,0,0,0,"106,667",3,25,0,0,4,0,4
10,8367.75,836,2,3,0,0,0,2.5,0,1,0,0,0,0.5263,1,80,0,1,0,"68,725",1,104,6.4,0,"2,333",20,0,0,3,0,3
11,6014.5,3230,2,2.8,1,0,0,0,0,1,0,0,0,0.7338,1,60,0,1,0,"147,675",0,106.75,2.7,0,"2,333",20,0,0,16,3,19
12,18788.25,1721,4,2.9,0,1,0,0,0,1,1.8,0,1,"17,558",1,60,0,1,0,3.66,0,87,3.95,37.5,"2,333",20,0,0,26,7,33
13,12986.25,370,1,2.9,0,1,0,0,0,0,3.5,0,0,0.3864,0,20,1,0,0,"5,355",0,0,0,50,"2,333",20,0,0,0,0,0
14,12986.25,368,2,2.9,0,1,0,0,0,0,3.5,0,1,0.491,1,60,0,1,0,"5,355",0,72,2.2,50,"2,333",20,0,0,0,0,0
15,26146,5341,4,3.5,0,0,0,2.5,0,0,6,0,0,0.3633,1,60,0,1,0,"6,345",0,"76,714","4,657","33,333","2,333",20,0,1,31,10,42
16,15692.5,87,1,3,0,1,0,0,0,0,1.8,0,0,"19,117",0,20,1,0,0,"6,935",0,0,0,"33,333","2,333",20,0,0,1,0,1
17,21835,1702,4,3.5,0,1,0,0,0,1,0,0,0,0.6467,1,60,0,1,0,4.92,0,76,2.7,"33,333","2,333",20,0,0,22,5,27
18,28713.75,708,4,3.2,0,1,0,0,0,1,0,0,1,"21,854",1,60,0,1,0,4.66,0,85,7.9,"33,333","2,333",20,0,0,21,4,25
19,26146,3627,4,3.5,0,0,1,2.8,0,0,1.5,0,0,0.6846,1,70,0,1,0,"6,345",0,57,"2,733","33,333","2,333",20,0,0,27,5,32
20,6591,5243,2,3.2,1,0,0,3,0,1,0,0,0,"16,653",1,80,0,1,0,"99,975",1,85.8,4.84,"33,333","2,333",20,0,1,7,2,10
21,17650.5,3480,4,2.7,1,1,0,0,0,0,3.9,0,0,"14,081",1,60,0,1,0,"36,825",0,73.5,"3,283",0,"2,667",20,0,1,34,14,49
22,17650.5,3833,4,2.7,1,1,0,0,0,0,3.9,0,0,"13,203",1,60,0,1,0,"36,825",0,"65,833","2,683",0,"2,667",20,0,1,23,9,33
23,10250.5,1793,2,2.9,1,1,0,0,0,1,0,1,0,0.407,1,60,0,1,0,"40,725",1,59,2,0,"2,667",20,0,0,17,2,19
24,5504.5,1914,2,2,1,1,0,0,0,1,0,0,0,0.7696,1,60,0,1,0,"15,275",1,66.5,2.65,50,"2,333",25,0,0,3,1,4
25,12179.75,160,3,4.1,1,1,0,0,0,1,0,0,0,0.659,1,60,0,1,0,11.24,0,67,1.6,50,"2,333",25,0,0,2,0,2
26,12179.75,161,3,4.1,1,1,0,0,0,1,0,0,0,0.659,1,60,0,1,0,11.24,0,67,1.6,50,"2,333",25,0,0,2,0,2
27,7243.5,1444,4,2.8,1,1,0,0,0,1,0,0,0,0.4827,1,60,0,1,0,9.37,0,55,1.5,"33,333","2,333",25,0,0,8,0,8
28,21061,3816,4,3.2,0,1,0,0,0,0,3.7,0,0,0.6271,1,60,0,1,0,3.99,0,71.6,2.74,"33,333","2,333",25,0,0,18,5,23
29,22373,2305,5,3,0,1,0,0,0,1,0,1,0,0.6589,1,60,0,1,0,3.99,0,63,1.85,"33,333","2,333",25,0,0,11,5,16
30,15605,842,1,3,0,0,0,1.5,0,1,0,0,0,"15,538",0,20,1,0,0,5.32,0,0,0,"33,333","2,333",25,0,0,10,0,10
31,21061,1516,4,3,0,1,0,0,0,0,3.7,0,0,0.7086,1,60,0,1,0,3.99,0,60.5,3.4,"33,333","2,333",25,0,0,6,1,7
32,13435,2381,2,3,0,0,0,0.9,0,1,0,1,1,0.6549,1,70,0,1,0,8.88,1,62,4.65,"33,333","2,333",25,0,0,2,0,2
33,54534.25,858,5,3,0,1,0,0,0,0,7.5,0,0,0.233,1,70,0,1,0,0,0,52,1.3,37.5,"2,625",25,0,0,5,5,10
34,32061.5,1954,4,3,0,1,0,0,0,0,11.5,0,0,0.9542,1,60,0,1,0,3.2,0,59,3.5,37.5,"2,625",25,0,1,22,3,26
35,32061.5,6326,4,2.8,0,1,0,0,0,0,5,0,0,0.6608,1,60,0,1,0,3.2,0,"50,667","2,467",37.5,"2,625",25,0,1,51,6,58
36,38555.25,2676,4,2.6,0,1,0,0,0,0,1.8,0,0,0.7908,1,60,0,1,0,6.62,0,73,3.95,37.5,"2,625",25,0,0,34,10,44
37,38555.25,727,4,2.5,0,1,0,0,0,0,4.3,0,0,0.4718,1,60,0,1,0,6.62,0,71,3.95,50,"2,625",25,0,0,5,0,5
38,6374,346,2,3.2,1,1,0,0,0,0,1.7,0,0,"11,109",0,20,1,0,0,3.55,0,0,0,37.5,"2,625",25,0,0,3,0,3
39,6374,345,1,3.2,0,1,0,0,0,0,1.7,0,0,"11,208",0,20,1,0,0,3.55,0,0,0,37.5,"2,625",25,0,0,5,0,5
40,6374,1663,4,3,1,1,0,0,0,0,3.7,0,0,0.6854,0,20,1,0,0,3.55,0,0,0,"33,333","2,625",25,0,0,1,0,1
41,6374,1679,4,3,1,1,0,0,0,0,3.7,0,0,0.6866,1,60,0,1,0,3.55,0,98,4.6,"33,333","2,625",25,0,0,1,0,1
42,15322,8399,4,2.7,0,0,0,2.1,0,0,3.5,0,0,0.4859,1,70,0,1,0,"134,825",0,"64,667","3,978","33,333","2,625",25,0,1,21,10,32
43,30125,3629,4,2.7,0,0,0,1.8,0,0,4.2,0,0,0.1384,1,70,0,1,0,3.19,0,45,"2,767",40,"2,625",25,14,0,18,9,27
44,41928,3375,6,3,0,1,0,0,0,0,4.7,0,0,0.5259,1,70,0,1,0,3.3,0,"57,333","3,367",40,"2,625",25,14,0,17,8,25
45,52304,5763,4,3,0,1,0,0,0,0,2.3,0,0,0.7572,1,80,0,1,0,4.85,0,51,"5,383",60,"2,625",25,14,1,20,5,26
46,2284,2810,2,2.2,1,0,0,6.5,0,1,0,1,0,"11,626",1,70,0,1,0,7.4,0,61,2.65,60,"2,625",25,14,0,0,0,0
47,4635.5,2490,3,2.3,1,1,0,0,0,1,0,1,0,0.8878,1,70,0,1,0,"255,425",0,82,"4,767",60,"2,625",25,14,0,2,0,2
48,21760.75,2315,4,2.1,0,1,0,0,0,0,3.8,0,0,0.329,1,60,0,1,0,"9,405",0,"73,333","5,567",60,"2,625",25,11,1,15,7,23
49,51193.5,2141,4,2.8,0,1,0,0,0,0,11,0,0,0.636,1,70,0,1,0,3.49,1,78.5,4.1,40,"2,625",20,13,1,19,4,24
50,34812.75,4127,5,3,0,1,0,0,0,0,10,0,0,0.262,1,80,0,1,0,"4,165",0,48,"2,575",40,"2,625",20,13,0,21,5,26
51,22986.25,822,4,2.9,0,1,0,0,0,0,2.5,0,0,0.7026,1,60,0,1,0,"30,625",0,92,3.5,40,"2,625",20,14,0,11,2,13
52,51193.5,3600,5,2.6,0,1,0,0,0,0,1.9,0,0,0.8258,1,60,0,1,0,3.49,0,75.75,"3,025",37.5,"2,625",25,13,0,29,5,34
53,47677.25,3597,5,2.8,0,1,0,0,0,0,11,0,0,0.6429,1,80,0,1,0,3.02,0,"33,333",1.5,37.5,"2,625",25,13,1,21,5,27
54,927.5,10071,2,2.4,1,0,0,0.9,0,1,0,1,1,0.9837,1,100,0,0,1,"76,025",0,69.1,5.24,40,3,25,15,0,2,1,3
55,17164.75,1954,2,2.8,0,1,0,0,0,1,0,1,0,"20,158",1,60,0,1,0,5.6,1,66.5,2.45,60,3,25,22,0,10,3,13
56,16492.75,1685,4,2.5,0,1,0,0,0,0,5.2,0,0,0.2241,1,60,0,1,0,3.97,0,"70,333","2,767","106,667",3,25,9,0,18,2,20
57,16928.5,383,1,2.9,0,1,0,0,0,1,0,1,0,0.366,0,20,1,0,0,"10,885",0,0,0,"106,667",3,25,9,0,0,0,0
58,16928.5,1491,4,2.5,0,1,0,0,0,0,2,0,0,0.3171,1,60,0,1,0,"10,885",0,66,5.9,"106,667",3,25,9,0,9,1,10
59,15741,4289,4,2.6,0,1,0,0,0,0,2.5,0,0,0.6104,1,60,0,1,0,2.71,0,69.2,3.24,"106,667",3,25,9,0,27,3,30
60,83236.75,136,1,3.4,0,1,0,0,1,1,0,1,0,"4,101",0,20,1,0,0,0,0,0,0,"106,667",3,25,9,0,0,0,0
61,9542.25,7409,2,2.6,1,0,0,3,0,1,0,1,0,0.1962,1,100,0,0,1,19.49,1,"61,875","3,875",75,"2,625",20,8,2,11,1,14
62,34219,7440,6,2.6,0,1,0,0,0,0,4,0,0,0.8519,1,60,0,1,0,10.73,1,"89,625","6,538",60,"2,625",20,8,1,106,23,130
63,42665.75,410,1,2.5,0,1,0,0,0,0,3.5,0,0,0.1843,0,20,1,0,0,19.17,0,0,0,60,"2,625",20,10,0,14,8,22
64,11366.5,2526,2,2.7,1,0,0,2.1,0,1,0,1,0,0.2257,1,90,0,1,0,"15,295",1,"70,667","4,967",0,"2,333",20,10,1,3,1,5
65,11366.5,1745,2,2.7,1,0,0,4,0,1,0,1,0,0.1629,1,100,0,0,1,"15,295",0,65,6.95,0,"2,333",20,10,1,0,0,1
66,5888.75,3181,4,2.8,1,1,0,0,0,0,13.2,0,0,0.3298,1,110,0,0,1,7.84,0,27,"1,467",50,"2,333",20,10,0,0,0,0
67,24348.75,10503,4,2.4,1,0,0,2.9,0,0,11,0,0,0.1959,1,100,0,0,1,6.41,0,"35,182","4,227",50,"2,333",20,10,1,17,3,21
68,48777,400,1,2.6,0,0,1,0.6,0,0,12.3,0,0,0.121,0,20,1,0,0,11.48,0,0,0,0,"2,333",20,10,0,2,0,2
69,48777,401,4,2.3,1,0,0,3.5,0,0,12,0,0,0.138,1,110,0,0,1,11.48,0,36,1.3,0,"2,333",20,10,0,0,0,0
70,48777,461,4,2.4,1,1,0,0,0,0,12,0,0,0.1516,1,110,0,0,1,11.48,0,34,3,0,"2,333",20,10,0,1,0,1
71,48777,3941,4,2.7,1,0,0,2.5,0,0,12.5,0,0,0.1371,1,110,0,0,1,11.48,0,37.25,"1,675",0,"2,333",20,10,1,3,1,5
72,3805.25,2816,4,2.7,1,0,0,2.5,0,0,12.5,0,0,0.1173,1,110,0,0,1,"123,275",0,31,6.6,0,"2,333",20,10,0,2,0,2
73,3805.25,2824,4,2.7,1,0,0,1.5,0,0,12.5,0,0,0.1125,1,110,0,0,1,"123,275",0,41,7.65,0,"2,333",20,10,0,3,0,3
74,5111,3249,3,2.7,0,0,0,3,0,1,0,1,1,0.6427,1,70,0,1,0,29.88,0,75.25,"4,575",50,"2,333",20,10,0,6,1,7
75,13540,1276,4,3,0,1,0,0,0,0,5.3,0,0,0.1789,1,60,0,1,0,20.19,0,49.5,3.7,50,"2,333",20,10,0,7,3,10
76,42665.75,736,4,2.8,0,1,0,0,0,0,2,0,0,0.318,1,60,0,1,0,19.17,1,63,5,0,"2,667",20,10,0,9,3,12
77,16666,4052,4,2.5,0,1,0,0,0,0,3.6,0,0,"13,622",1,60,0,1,0,3.64,0,63.5,"5,325",0,"2,333",20,13,0,31,6,37
78,14254.25,3527,4,3.2,0,1,0,0,0,0,3,0,0,"11,249",1,60,0,1,0,"28,375",0,64.6,2.68,30,"2,667",50,12,0,17,5,22
79,5358.75,8063,2,2.4,1,0,0,0.9,0,1,0,1,0,0.4211,1,90,0,1,0,5.72,0,"87,286","5,014",50,"2,667",50,12,0,6,1,7
80,1790.5,5174,2,2.5,1,0,0,0.6,0,1,0,0,1,"21,889",1,80,0,1,0,"11,645",0,87.6,4.32,0,"2,333",20,15,0,6,0,6
81,14957,4322,4,3,0,1,0,0,0,0,3,0,0,0.7163,1,70,0,1,0,"4,205",0,66.6,5.5,0,"2,333",20,15,0,14,2,16
82,4052.25,1490,3,2.7,1,1,0,0,0,0,3.5,0,0,0.5976,1,60,0,1,0,"11,405",0,93,5.1,0,"2,333",20,12,0,5,1,6
83,4052.25,1481,4,2.7,1,1,0,0,0,0,3.5,0,0,0.6485,1,60,0,1,0,"11,405",0,97,4.9,0,"2,333",20,12,0,6,0,6
84,12843.25,1501,2,2.6,1,1,0,0,0,0,3,0,0,0.408,1,60,0,1,0,"80,375",1,"57,667","7,167",0,"2,333",20,12,1,3,1,5
85,12961.25,646,1,2.5,0,0,0,2.3,0,0,4,0,0,0.0736,0,20,1,0,0,"5,515",0,0,0,0,"2,333",20,12,0,1,1,2
86,28173.5,3349,4,2.6,0,1,0,0,0,0,6.5,0,0,0.6924,1,60,0,1,0,"64,825",0,50.5,"3,125",0,"2,333",20,12,0,19,0,19
87,28173.5,4811,4,2.6,0,1,0,0,0,0,5,0,0,"10,718",1,60,0,1,0,"64,825",0,53.4,3.7,0,"2,333",20,12,1,9,1,11
88,3037.25,2359,2,2.5,1,0,0,2.1,0,1,0,0,0,0.3202,1,70,0,1,0,"91,175",0,92.5,4.2,50,"2,333",20,12,0,0,0,0
89,2620,5974,2,2.5,1,0,0,2.1,0,1,0,0,0,0.6686,1,70,0,1,0,"46,175",0,90,"4,917",50,"2,333",20,12,1,6,2,9
90,9978.25,4831,2,2.5,1,1,0,0,0,1,0,0,0,0.2055,1,100,0,0,1,"172,775",0,61.2,4.18,0,"2,667",20,16,0,3,1,4
91,12944.25,565,2,3.2,0,1,0,0,0,0,2.25,0,1,"41,484",1,60,0,1,0,"29,375",1,70,1.7,0,"2,667",20,16,0,10,0,10
92,26164,2191,4,3,0,0,0,7,0,0,17.5,0,0,0.7158,1,80,0,1,0,2.79,0,45,1.4,"33,333","2,333",20,12,1,13,1,15
93,14203.25,1207,2,2.9,0,1,0,0,0,1,0,0,0,0.2357,1,60,0,1,0,"40,525",0,49,2.5,0,"2,667",20,19,0,7,0,7
94,8599.25,1457,2,3,0,0,0,2.8,0,1,0,0,0,0.3035,1,80,0,1,0,"6,495",0,63,5.6,"33,333",3,30,17,0,2,1,3
95,4764.5,1386,4,2.4,1,1,0,0,1,0,4.5,1,0,0.3689,1,60,0,1,0,"9,875",0,127.5,3.9,"33,333","2,333",20,12,0,4,2,6
96,6426,3683,2,2.6,1,1,0,0,1,1,0,1,0,0.5696,1,60,0,1,0,"109,075",0,"81,333","1,633",0,"2,333",20,23,0,6,1,7
97,26315.25,1594,4,2.7,0,1,0,0,1,0,4,0,0,0.6317,1,70,0,1,0,"6,935",0,80,7.5,0,"2,333",20,24,0,12,0,12
98,29333,1157,4,2.9,0,1,0,0,0,0,1,0,1,0.8864,1,70,0,1,0,"60,475",0,65.5,2.45,0,"2,333",20,24,0,14,1,15
99,23560.25,1556,4,3,0,1,0,0,0,0,1.8,0,0,0.5595,1,60,0,1,0,"4,345",0,66,4.7,"33,333","2,333",20,16,0,5,3,8
100,23560.25,1492,4,3,0,1,0,0,0,0,1.8,0,0,0.8434,1,60,0,1,0,"4,345",0,69,5,"33,333","2,333",20,16,0,5,0,5
101,27715,2503,4,2.8,0,1,0,0,0,0,4,0,0,0.4441,1,70,0,1,0,"5,685",0,55.5,3.7,0,"2,333",20,15,0,16,2,18
102,31595.75,1573,4,3,0,1,0,0,0,0,2.2,0,0,0.2552,1,70,0,1,0,4.23,0,54,5.3,50,"2,667",20,12,2,18,0,20
103,10964.75,1002,3,2.9,0,1,0,0,0,1,0,1,0,"17,114",1,80,0,1,0,"5,275",1,91,3.25,0,"2,333",20,13,0,6,4,10
104,29341,631,4,3,0,1,0,0,0,0,4,0,0,"11,703",1,70,0,1,0,"5,845",0,55.5,4.65,50,"2,333",20,18,0,15,10,25
105,11288.5,1823,2,3.2,0,0,0,0.9,0,1,0,0,0,0.6805,1,60,0,1,0,"40,975",1,87,5.9,50,"2,333",20,18,0,3,2,5
106,12959.25,348,1,2.6,0,1,0,0,1,0,1.8,0,0,0.4259,0,20,1,0,0,3.63,0,0,0,50,"2,333",20,18,0,0,0,0
107,12959.25,571,2,4,0,1,0,0,1,1,0,0,1,"18,668",1,60,0,1,0,3.63,1,93,3.5,50,"2,333",20,18,0,15,5,20
108,12959.25,348,1,2.6,0,1,0,0,1,0,1.8,0,0,0.4259,0,20,1,0,0,3.63,0,0,0,50,"2,667",20,11,0,0,0,0
109,33773.75,12484,4,3,0,1,0,0,0,0,3,0,0,0.9061,1,70,0,1,0,"61,725",0,69,"3,233",50,"2,333",20,11,1,95,11,107
110,29341,913,1,3,0,1,0,0,1,0,4,0,0,0.3128,0,20,1,0,0,"5,845",0,0,0,0,"2,333",20,15,1,12,1,14
111,12723,1658,2,3,0,1,0,0,0,1,0,0,1,"31,076",1,60,0,1,0,6.88,0,75.5,2.7,50,"2,333",20,15,0,8,2,10
112,36444.5,3593,5,3,0,1,0,0,0,0,5,0,0,0.4024,1,70,0,1,0,4.16,0,53,3.85,50,"2,333",20,15,1,24,2,27
113,36934.5,1699,4,3,0,1,0,0,0,0,3.2,0,0,0.5251,1,60,0,1,0,"3,485",0,56.5,2.8,50,"2,333",20,15,0,13,3,16
114,12944.25,559,2,3,0,1,0,0,0,0,2,0,1,"41,484",1,60,0,1,0,"29,375",1,70,1.7,50,"2,333",20,15,0,16,1,17
115,14254.25,3529,4,3,0,1,0,0,0,0,3,0,0,"11,321",1,60,0,1,0,"28,375",0,62,2.82,50,"2,333",20,15,0,12,5,17
116,13871,453,1,2.5,0,0,0,5,0,0,10,0,0,0.06,0,20,1,0,0,"53,675",0,0,0,50,"2,333",20,15,0,0,0,0
117,97940.5,272,1,3.4,0,1,0,0,0,0,12,0,0,0.3155,0,20,1,0,0,0,0,0,0,50,"2,333",20,15,0,2,0,2
118,37454,4941,4,2.7,1,0,0,0.6,0,0,11.3,0,0,0.315,1,110,0,0,1,"14,765",0,37.6,4.84,50,"2,333",20,22,0,9,1,10
119,18937.5,544,1,3.4,0,0,0,3.7,0,1,0,1,0,0.097,0,20,1,0,0,"63,925",0,0,0,0,0,20,16,0,1,0,1
120,7546.75,4061,2,3,0,0,0,6.3,0,1,0,1,0,0.1631,1,70,0,1,0,"4,365",1,71,"3,367",37.5,"2,333",20,13,0,17,3,20
121,48777,469,1,3,0,0,0,2.5,0,1,0,1,0,0.161,0,20,1,0,0,11.48,0,0,0,37.5,"2,333",20,13,0,3,0,3
122,1206.5,874,2,2.9,1,0,0,0.9,0,1,0,1,0,"18,916",1,60,0,1,0,5.86,0,89,1.8,40,"2,667",25,17,0,3,0,3
123,97940.5,257,1,3,0,1,0,0,0,0,14,0,0,0.2997,0,20,1,0,0,0,0,0,0,50,"2,333",20,15,0,0,0,0
124,97940.5,393,1,3.5,0,0,0,2.3,0,1,0,1,0,0.352,0,20,1,0,0,0,0,0,0,40,"2,667",30,15,0,3,1,4
125,92435,2854,6,2.8,0,0,0,4,0,0,10.8,0,0,0.1121,1,100,0,0,1,7.83,1,32,"2,967",40,"2,667",30,15,0,10,1,11
126,57386,827,4,2.8,1,0,1,2.3,0,0,12.6,0,0,0.1481,1,100,0,0,1,10.85,1,43,2.2,40,"2,667",25,15,0,3,2,5
127,18727,3219,4,2.6,1,0,0,2.7,0,0,14,0,0,0.3349,1,110,0,0,1,"172,675",0,"20,333",2.1,"26,667",2.4,30,15,0,2,0,2
128,2430.75,202,1,4.3,0,1,0,0,0,1,0,1,0,"16,469",0,20,1,0,0,13.87,0,0,0,0,"2,667",25,15,0,0,0,0
129,97940.5,2937,6,3.2,0,1,0,0,0,0,14.8,0,0,0.1931,0,20,1,0,0,0,0,0,0,0,"2,333",25,10,0,7,0,7
130,111834.25,3059,7,3.2,0,0,0,0.6,0,0,13.1,0,0,0.3179,1,100,0,0,1,9.84,1,39.25,"4,675",0,"2,333",25,24,0,21,0,21
131,56649,2279,4,3.2,1,0,0,6,0,0,12.2,0,0,0.2606,1,100,0,0,1,11.84,1,"44,333",2.3,0,"2,333",25,16,0,1,0,1
132,8116.75,1693,2,3.2,0,1,0,0,1,1,0,1,0,0.7854,1,60,0,1,0,"48,025",0,71.5,1.65,30,0,20,13,0,9,2,11
133,27607.5,993,4,3,0,1,0,0,1,0,10,0,1,"25,528",1,70,0,1,0,3.41,0,54.5,2.6,30,"2,333",20,13,0,1,0,1
134,1611.75,436,1,2.5,0,0,0,2.4,0,1,0,1,0,0.168,0,20,1,0,0,"116,525",0,0,0,50,"2,333",25,18,1,1,0,2
135,12360.75,1333,4,3.2,1,1,0,0,1,0,16,0,1,0.9607,1,60,0,1,0,"58,025",0,70.5,2.25,"33,333",3,40,14,0,0,0,0
136,13871,679,6,3.2,0,0,0,2.5,0,0,10.5,0,0,0.1476,1,100,0,0,1,"53,675",1,36,2.2,"26,667","2,667",25,14,0,1,0,1
137,97940.5,447,6,3.5,0,0,0,0.9,0,0,10.1,0,0,0.3064,1,100,0,0,1,0,1,28,3.5,"33,333",3,50,14,0,1,0,1
138,92435,2861,6,3,0,0,0,3.2,0,0,10,0,0,0.104,1,100,0,0,1,7.83,1,"30,333",2.7,40,"2,667",40,14,0,6,1,7
139,23430,1387,4,3.4,0,1,0,0,1,0,3,0,0,"12,393",0,20,1,0,0,0,0,0,0,"26,667","2,667",25,14,1,13,6,20
140,29605,2010,4,3.2,0,1,0,0,1,0,4,1,0,0.3723,1,70,0,1,0,0,0,63,2.2,"26,667","2,667",25,14,1,13,2,16
141,97940.5,463,1,3.5,0,0,0,0.6,0,1,0,1,0,0.301,0,20,1,0,0,0,0,0,0,30,2.4,25,14,0,1,0,1
142,57386,1336,4,2.8,1,0,0,2.3,0,0,13.2,0,0,0.3481,1,100,0,0,1,10.85,1,32,2.1,30,"2,667",20,11,0,2,0,2
143,88419.75,988,6,2.7,0,1,0,0,0,0,10.3,0,0,0.0619,1,100,0,0,1,11.23,1,27,2.1,"33,333","2,333",25,13,0,0,0,0
144,53968.5,4962,4,2,0,0,0,2.3,0,0,14.3,0,0,0.0949,1,110,0,0,1,"98,675",1,46.8,5.02,"33,333","2,333",25,13,0,12,0,12
145,13601.25,1699,2,3.2,0,1,0,0,0,1,0,1,0,"10,179",1,60,0,1,0,"3,445",1,68,2.8,"33,333","2,333",25,12,0,7,5,12
146,97940.5,4060,6,2.7,0,1,0,0,0,0,10.6,0,0,0.2225,0,20,1,0,0,0,0,0,0,0,"2,333",25,12,0,6,1,7
147,30227,3144,4,2.6,1,1,0,0,0,0,8,0,0,"19,165",1,60,0,1,0,"4,205",0,"71,667","3,333",50,"2,625",20,11,1,27,6,34
148,10833.75,310,1,2.5,0,1,0,0,0,1,0,1,0,0.4195,0,20,1,0,0,4.95,0,0,0,"33,333","2,333",25,16,0,0,0,0
149,53968.5,4853,4,2.5,0,0,0,2.5,0,0,11.8,0,0,0.1062,1,110,0,0,1,"98,675",1,42.4,8.04,0,"2,333",20,16,1,2,3,6
150,12360.75,575,4,2.6,1,0,0,2.1,0,0,18,0,1,"20,526",1,60,0,1,0,"58,025",0,74,2.1,"33,333","2,333",20,16,0,1,0,1
151,13871,487,6,2.9,0,0,0,4,0,0,12,0,0,0.0873,1,100,0,0,1,"53,675",1,27,1.6,"33,333","2,333",20,16,0,1,0,1
152,97940.5,385,6,3,0,1,0,0,0,0,9.7,0,0,0.3214,1,100,0,0,1,0,1,41,3.4,"33,333","2,333",20,16,0,1,0,1
153,24348.75,9972,4,2.5,1,0,0,2.6,0,0,9.5,0,0,0.1828,1,110,0,0,1,6.41,0,33.9,4.52,0,"2,333",20,12,3,13,3,19
154,16573.25,3748,2,3.4,0,0,0,2.1,0,1,0,1,0,0.4318,1,60,0,1,0,"169,125",1,"57,333","3,833",0,"2,333",20,12,1,14,2,17
155,31595.75,6282,4,3,0,1,0,0,0,0,3.5,0,0,0.5674,1,60,0,1,0,4.23,0,"69,333","3,733","33,333","2,333",20,12,3,58,15,76
156,13540,1195,4,2.5,0,1,0,0,0,0,5,0,0,0.1535,1,60,0,1,0,20.19,0,54,4.6,0,"2,333",20,15,0,3,2,5
157,111834.25,3103,6,2.5,0,0,0,15,0,0,15,0,0,0.3073,1,100,0,0,1,9.84,1,38.25,3.95,0,"2,333",20,15,1,12,1,14
158,5721.25,3660,2,2.6,1,0,0,3,0,1,0,1,0,0.36,1,80,0,1,0,"234,725",0,"56,333","6,567",50,"2,625",20,13,0,2,0,2
159,26303.75,7482,4,2.8,1,0,0,4,0,0,12.6,0,0,0.3438,1,110,0,0,1,"155,125",0,"31,429","1,543",0,"2,333",20,18,0,3,2,5
160,2430.75,339,1,3,0,1,0,0,1,1,0,1,0,0.224,0,20,1,0,0,13.87,0,0,0,0,"2,625",20,22,0,1,0,1
161,1611.75,432,1,3,0,0,0,3.5,0,0,3.6,0,0,0.9626,0,20,1,0,0,"116,525",0,0,0,0,"2,667",50,13,0,3,0,3
162,8767,5309,2,2.4,1,0,0,2.6,0,1,0,0,0,0.5752,1,90,0,1,0,12.64,0,67,2.96,40,2.4,50,13,0,6,1,7
163,1611.75,432,1,2.7,0,1,0,0,0,0,3.75,0,0,0.9626,0,20,1,0,0,"116,525",0,0,0,40,"2,667",25,16,0,3,0,3
164,2533.25,11427,2,2.7,1,0,0,1.5,1,1,0,1,0,0.1402,1,100,0,0,1,"199,625",0,"73,727","4,809","33,333","2,333",20,11,0,1,0,1
165,6958,8324,2,2.6,1,1,0,0,0,1,0,0,0,0.4286,1,80,0,1,0,16.69,0,"58,125","4,288",0,"2,625",20,20,0,7,1,8
166,2533.25,8807,2,2.2,1,0,0,1.5,0,1,0,1,0,0.2864,1,90,0,1,0,"199,625",0,70.4,4,0,"2,625",20,20,0,1,0,1
167,21035.25,2068,5,2.1,0,1,0,0,1,1,0,1,0,0.1917,1,60,0,1,0,4.35,0,"67,333",3.7,"33,333","2,625",25,17,0,38,7,45
168,7089.25,7745,2,2.8,1,0,0,3,0,1,0,1,0,0.1615,1,100,0,0,1,"22,725",0,"59,556","4,089",0,"2,625",25,19,0,7,3,10
169,2042.5,15959,2,3,1,0,0,3,0,1,0,1,0,0.2674,1,90,0,1,0,"229,125",0,"81,765","4,612",37.5,"2,625",25,18,0,10,1,11
170,5491.75,3160,2,2.6,1,0,0,3.5,0,1,0,1,0,0.0864,1,100,0,0,1,"181,375",0,"62,333","4,167",37.5,"2,625",25,18,1,3,0,4
171,7833.25,3056,2,2.6,1,1,0,0,1,1,0,1,0,"21,358",1,60,0,1,0,"275,875",0,"78,667",2.3,"33,333","2,625",25,17,0,2,0,2
172,18595,1237,2,3.2,0,1,0,0,0,1,0,0,1,0.6757,1,60,0,1,0,"71,525",0,85,3.5,"33,333","2,625",25,14,1,4,5,10
173,11614.25,509,1,2.9,0,1,0,0,0,1,0,1,0,"22,547",0,20,1,0,0,11.97,0,0,0,37.5,"2,625",25,14,0,3,1,4
174,4571.25,12128,2,2.8,1,0,0,2.7,1,1,0,1,0,0.3768,1,90,0,1,0,"122,175",0,"71,583","4,117",37.5,"2,625",25,18,0,5,1,6
175,1787.25,14685,2,3.5,1,0,0,1.5,0,1,0,1,1,"80,751",1,70,0,1,0,8.58,0,"79,133","2,293","33,333","2,625",30,11,0,13,0,13
176,1508.25,3562,2,4.7,1,0,0,6.4,1,1,0,1,0,"20,742",1,70,0,1,0,7,0,"141,667","5,467",20,"2,625",30,11,0,2,0,2
177,2874,7675,2,3.2,1,0,0,2.5,0,1,0,1,0,0.3804,1,90,0,1,0,"162,325",0,"62,125","4,725",50,"2,625",20,16,1,3,0,4
178,12767.75,1441,2,3.4,1,0,0,0.6,0,1,0,0,1,0.4269,1,80,0,1,0,"69,075",1,107,7.5,"33,333","2,625",25,14,0,10,0,10
179,23788.25,1001,4,2.8,0,1,0,0,0,0,4,0,0,0.5255,1,60,0,1,0,0,0,68,5.6,37.5,"2,625",20,14,0,15,2,17
180,8482.75,6615,2,3.4,0,0,0,1.8,0,1,0,1,0,0.6997,1,70,0,1,0,11.63,0,69.5,"4,983",37.5,"2,625",20,14,0,23,3,26
181,17620.75,413,3,3,0,1,0,0,0,0,2.5,0,0,"11,217",1,70,0,1,0,"55,225",0,72,1.5,37.5,"2,625",20,14,0,6,2,8
182,4271,3590,2,2.8,1,0,0,2.1,0,1,0,0,0,0.2279,1,100,0,0,1,"176,975",0,74.5,4.05,37.5,"2,625",20,14,0,1,0,1
183,20189,3758,3,3,0,1,0,0,0,0,4,0,0,"1,083",1,60,0,1,0,5.09,0,67.6,3.2,37.5,"2,625",20,14,0,18,5,23
184,8649.5,103,4,2.6,1,1,0,0,0,0,4,0,0,"27,205",1,60,0,1,0,"15,915",0,103,3.5,37.5,"2,625",20,14,0,3,1,4
185,1675.75,2504,2,3,1,0,0,3.3,0,1,0,1,0,0.3771,1,90,0,1,0,8.78,0,74,4.85,30,"2,667",20,15,0,5,0,5
186,11676.75,956,1,3,0,1,0,0,0,1,0,1,0,"11,982",0,20,1,0,0,"105,675",0,0,0,40,"2,667",20,15,0,2,1,3
187,2584.5,638,1,2.8,0,1,0,0,0,1,0,1,0,0.4956,0,20,1,0,0,"119,175",0,0,0,40,"2,667",25,15,0,1,1,2
188,16520.75,1668,2,3.4,0,1,0,0,0,1,0,0,0,0.9251,1,60,0,1,0,5.29,1,103,4.8,0,"2,667",25,15,0,11,3,14
189,9396.5,1287,4,3.4,0,1,0,0,0,0,5,0,0,"25,999",1,60,0,1,0,"36,425",0,95,3.8,40,"2,625",20,18,0,16,2,18
190,7758,720,2,3,0,1,0,0,0,1,0,1,0,0.1295,1,60,0,1,0,"22,265",0,50,1.5,40,"2,625",20,18,0,2,1,3
191,35048,5586,4,3,0,1,0,0,0,0,2.8,0,0,0.9282,1,60,0,1,0,9.66,0,"69,167","5,517",30,"2,625",25,11,0,64,8,72
192,34532.75,649,4,3,0,1,0,0,0,0,3.8,0,0,0.5421,1,70,0,1,0,5.02,0,42,1.4,40,"2,625",20,15,0,8,2,10
193,65988.75,1223,1,3,0,1,0,0,0,0,10.7,0,0,0.4399,0,20,1,0,0,8.53,0,0,0,40,"2,625",20,15,0,4,1,5
194,25062.25,1099,4,3,0,1,0,0,0,0,5,0,0,"25,744",1,60,0,1,0,4.38,0,99,3.5,40,"2,625",20,17,0,6,3,9
195,25420,4024,1,3,0,1,0,0,0,0,8,0,0,0.9017,0,20,1,0,0,8.05,0,0,0,40,"2,625",20,17,0,3,0,3
196,2745,13497,2,2.5,1,0,0,1.5,0,1,0,1,0,0.2649,1,90,0,1,0,"109,225",0,"71,923","4,046",40,"2,625",20,17,0,11,0,11
197,8649.5,645,1,2.8,0,1,0,0,0,1,0,1,0,0.1859,0,20,1,0,0,"15,915",0,0,0,40,"2,625",20,17,0,3,0,3
198,34735.75,852,4,2.9,0,1,0,0,1,0,2.5,0,1,0.7218,1,60,0,1,0,5.59,0,100,3.25,40,"2,625",20,17,0,12,3,15
199,22554.75,919,2,2.4,1,0,0,2.5,0,1,0,1,0,"14,781",1,60,0,1,0,"55,725",0,77,2.7,40,"2,625",20,17,0,2,0,2
200,18671.5,636,4,2.7,0,1,0,0,0,0,6.5,1,0,"54,414",0,20,1,0,0,"53,725",0,0,0,40,"2,625",20,16,0,1,2,3
201,29333,5239,1,3,0,1,0,0,0,0,7.5,0,0,0.5805,0,20,1,0,0,"60,475",0,0,0,40,"2,625",25,14,0,5,1,6
202,29333,5382,1,3,0,1,0,0,0,0,7.5,0,0,0.5275,0,20,1,0,0,"60,475",0,0,0,40,"2,625",25,14,0,8,1,9
203,2895,5359,2,2.5,1,0,0,1.5,0,1,0,1,1,"10,523",1,100,0,0,1,"99,775",0,65.2,5.44,40,"2,625",25,13,0,0,0,0
204,8601.75,3951,2,2.5,1,0,0,2.1,0,1,0,1,0,0.7621,1,80,0,1,0,10.84,0,66.25,3.8,40,"2,625",25,13,0,2,0,2
205,4326.5,7829,2,2.9,1,0,0,2.1,0,1,0,0,0,0.3071,1,80,0,1,0,"19,085",0,58.4,4.14,40,"2,625",25,13,1,8,1,10
206,2766,14085,2,2.5,1,0,0,2.1,0,1,0,0,0,0.2437,1,100,0,0,1,"185,775",0,"47,929","4,286",40,"2,625",25,13,1,2,2,5
207,28091,862,4,3.4,0,1,0,0,1,0,4.8,1,0,"11,721",0,20,1,0,0,0,0,0,0,37.5,"2,625",25,15,0,15,1,16
208,11450.75,345,2,3,0,1,0,0,1,0,6.3,1,1,"17,183",1,70,0,1,0,"67,475",0,76,3.8,37.5,"2,625",25,16,1,9,0,10
209,5265.75,2019,2,3.2,1,0,0,1.8,0,1,0,1,0,0.961,1,70,0,1,0,"97,425",0,61.5,4.45,"33,333","2,625",25,12,0,1,0,1
210,218,5789,2,2.8,1,0,0,1.8,0,1,0,1,0,0.1023,1,100,0,0,1,7.48,0,49.5,"5,367",37.5,"2,625",25,12,0,1,0,1
211,12973.5,3134,2,3,1,0,0,2.5,0,1,0,0,0,0.7675,1,80,0,1,0,"76,475",1,64,"4,867",37.5,"2,625",25,12,0,8,0,8
212,25640.75,1692,4,2.8,0,1,0,0,0,0,5,0,0,0.907,1,60,0,1,0,4.83,0,48,2.1,37.5,"2,625",25,12,0,16,5,21
213,134040.5,1385,8,3.6,1,1,0,0,0,0,6.4,0,0,0.2536,1,110,0,0,1,"75,125",1,40,1.3,37.5,"2,625",25,12,0,3,0,3
214,30215.5,11781,5,3.2,0,0,0,1.8,0,0,5.5,0,0,0.6321,1,70,0,1,0,12.14,0,"54,909","4,255",37.5,"2,625",25,12,3,106,20,129
215,25006.25,324,4,3.4,0,1,0,0,0,1,0,1,0,"26,458",1,60,0,1,0,"539,575",0,60,4.2,37.5,"2,625",25,12,0,0,0,0
216,30215.5,1284,4,3.2,0,1,0,0,0,0,3,0,0,0.1574,1,70,0,1,0,12.14,0,54,5.3,37.5,"2,625",25,12,0,8,1,9
217,15371.75,1328,4,2.8,0,1,0,0,0,0,4.25,0,0,0.8611,1,60,0,1,0,3.69,0,50,1.9,37.5,"2,625",25,12,1,9,1,11
218,36045.75,4152,4,3.4,0,0,1,1.2,0,0,6.5,0,0,0.8079,1,80,0,1,0,"100,775",0,49.5,"5,425",37.5,"2,625",25,12,0,41,8,49
219,24060,865,4,2.5,0,1,0,0,0,0,3.5,0,0,0.3143,0,20,1,0,0,"12,875",0,0,0,37.5,"2,625",25,12,0,9,0,9
220,17019.75,1278,3,3,1,0,0,2.5,0,1,0,1,0,0.8053,1,70,0,1,0,5.34,0,61,4.6,37.5,"2,625",25,12,0,8,1,9
221,11753.75,185,4,2.8,0,1,0,0,0,0,1.2,0,0,"36,752",1,60,0,1,0,5.58,0,47,2.5,37.5,"2,625",25,12,0,1,1,2
222,26489,2376,4,3,0,1,0,0,0,0,2,0,1,0.8615,1,70,0,1,0,"56,925",0,51,1.65,37.5,"2,625",25,12,0,7,3,10
223,33673,109,4,3.6,1,1,0,0,0,1,0,1,0,"10,517",1,80,0,1,0,3.99,0,47,2.8,37.5,"2,625",25,12,0,1,0,1
224,27850.5,1914,4,3,0,1,0,0,0,0,4.5,0,0,0.3777,1,70,0,1,0,10.53,0,69.5,9.6,37.5,"2,625",25,12,0,13,0,13
225,21926.5,1174,4,2.6,0,1,0,0,0,1,0,1,0,0.3815,1,60,0,1,0,"4,295",0,65,1.7,37.5,"2,625",25,12,1,12,3,16
226,27139.25,873,4,2.7,0,1,0,0,0,0,3.1,0,0,0.4327,1,60,0,1,0,4.02,0,79,3.8,37.5,"2,625",25,12,0,5,3,8
227,27139.25,2216,5,2.7,0,1,0,0,0,0,5,0,0,"10,508",1,60,0,1,0,4.02,0,"74,667","4,633",37.5,"2,625",25,12,0,38,8,46
228,9544.75,509,8,3.5,0,1,0,0,0,0,7.5,0,0,0.0866,1,110,0,0,1,18.47,0,43,2.3,37.5,"2,625",25,12,0,3,0,3
229,12437.25,568,8,3.4,0,1,0,0,0,0,7,0,0,0.4672,1,100,0,0,1,"125,375",0,28,1.6,37.5,"2,625",25,12,0,5,1,6
230,11753.75,186,3,2.5,0,1,0,0,0,0,1.5,0,0,"1,061",1,60,0,1,0,5.58,0,85.5,2.3,37.5,"2,625",25,12,0,0,0,0
231,22627,1723,4,2.8,0,1,0,0,0,0,5,1,0,"21,933",1,60,0,1,0,"20,625",0,73.5,2.8,"33,333","2,625",30,15,0,19,4,23
232,22627,2165,5,2.8,0,1,0,0,0,0,5,1,0,"14,689",1,60,0,1,0,"20,625",0,"61,667",2.3,"33,333","2,625",30,15,0,14,4,18
233,6833,3963,2,3,1,0,0,1.5,1,1,0,0,0,0.7805,1,80,0,1,0,"79,825",0,"84,667","4,367",37.5,"2,625",25,11,1,5,1,7
234,39549.25,5125,4,2.8,0,1,0,0,0,0,3,0,0,0.6966,1,70,0,1,0,"42,925",0,"49,167","2,383",37.5,"2,625",25,11,0,26,3,29
235,13797.5,443,1,3.8,0,1,0,0,0,1,0,1,0,"1,076",0,20,1,0,0,"43,325",0,0,0,37.5,"2,625",25,11,0,3,1,4
236,1177,17489,2,2.8,1,0,0,2.1,0,1,0,1,0,0.2122,1,100,0,0,1,"507,175",0,"80,111","4,133",37.5,"2,625",25,11,0,0,0,0
237,2158,3870,2,2.7,1,0,1,1.8,0,1,0,1,0,0.5111,1,70,0,1,0,11.59,0,103,"4,267",37.5,"2,625",25,11,0,1,2,3
238,24993.5,841,4,2.8,0,0,0,1.8,0,0,4.8,0,0,0.221,1,70,0,1,0,"4,005",0,62,3.5,37.5,"2,625",25,11,0,2,0,2
239,30670,4023,4,2.8,0,1,0,0,0,0,3.5,0,0,0.6919,1,60,0,1,0,"43,575",0,"79,857","4,329",37.5,"2,625",25,11,0,30,4,34
240,30670,2267,4,2.8,0,1,0,0,0,0,3.5,0,0,0.3209,1,60,0,1,0,"43,575",0,75.5,4.45,37.5,"2,625",25,11,0,16,1,17
241,27850.5,1971,4,3.2,0,1,0,0,0,0,4,0,0,0.378,1,80,0,1,0,10.53,0,57,5.7,37.5,"2,625",25,14,0,13,2,15
242,25663.25,3351,5,3,0,1,0,0,0,0,4,0,0,"16,914",1,60,0,1,0,"46,875",0,"70,667",3.7,37.5,"2,625",25,14,1,16,6,23
243,1552,273,1,2.7,0,0,0,2.1,0,1,0,0,0,0.48,0,20,1,0,0,41.8,0,0,0,37.5,"2,625",25,14,0,4,1,5
244,8394,6965,2,2.4,1,0,0,3,0,1,0,1,0,0.3286,1,80,0,1,0,"17,175",0,"51,429","1,886",37.5,"2,625",25,14,0,5,1,6
245,4382.5,6769,2,2.7,1,0,0,2.5,0,1,0,1,0,0.108,1,100,0,0,1,20.14,0,"53,571","4,243",37.5,"2,625",25,14,1,2,0,3
246,24271,2997,4,2.5,0,1,0,0,0,0,4.2,0,0,"11,354",0,20,1,0,0,0,0,0,0,37.5,"2,625",25,14,0,10,2,12
247,26429.25,3839,6,3.2,0,1,0,0,0,0,3.8,0,0,0.8457,1,60,0,1,0,2.59,0,70.6,4.48,37.5,"2,625",25,14,0,33,6,39
248,25640.75,459,4,2.6,0,1,0,0,1,0,2.5,0,0,0.1574,1,60,0,1,0,4.83,0,91,5.5,37.5,"2,625",25,14,0,13,3,16
249,46552.75,2865,4,3,0,1,0,0,0,0,6,0,0,0.9418,1,60,0,1,0,3.68,0,"67,667","3,167",37.5,"2,625",25,14,0,28,5,33
250,36290.5,6227,4,3,0,1,0,0,0,0,6,0,0,"10,174",1,60,0,1,0,"33,175",0,"71,714","3,329",37.5,"2,625",25,14,0,52,12,64
251,35395.75,2912,4,3,0,1,0,0,0,0,6,0,0,0.9552,1,60,0,1,0,3.66,0,"69,667","3,133",37.5,"2,625",25,14,0,29,4,33
252,27456,2687,4,3,0,1,0,0,0,0,4.5,0,1,"14,493",1,70,0,1,0,5.88,0,"53,333","3,467",37.5,"2,625",25,14,0,9,1,10
253,22986.25,641,1,3,0,1,0,0,0,1,0,1,0,"13,179",0,20,1,0,0,"30,625",0,0,0,37.5,"2,625",25,14,0,21,1,22
254,30268.75,1533,4,2.4,0,0,0,2.1,0,1,0,1,0,0.4648,1,80,0,1,0,"6,795",0,45,1.3,37.5,"2,625",25,14,0,9,2,11
255,6932.25,1076,2,3,0,1,0,0,0,1,0,1,0,"19,032",1,60,0,1,0,"27,575",0,79,2.1,37.5,"2,625",25,14,0,8,1,9
256,4199.25,2688,2,2.6,0,0,0,1.8,0,1,0,1,0,0.5451,1,60,0,1,0,"3,145",0,"92,667","3,467",37.5,"2,625",25,14,0,5,0,5
257,1142,8631,2,2.3,1,1,0,0,0,1,0,1,0,0.3482,1,100,0,0,1,28.53,0,"61,444",4.2,37.5,"2,625",30,14,0,0,0,0
258,28092.25,918,3,2.8,1,1,0,0,0,0,3.3,0,0,"11,395",0,20,1,0,0,3.7,0,0,0,37.5,"2,625",30,14,0,12,3,15
259,28092.25,918,4,3,1,1,0,0,0,0,3.3,0,0,"10,412",0,20,1,0,0,3.7,0,0,0,37.5,"2,625",30,14,0,3,2,5
260,2754,1948,4,3,1,1,0,0,0,0,7,1,0,0.9888,0,20,1,0,0,16.4,0,0,0,37.5,"2,625",30,14,0,7,1,8
261,2754,1959,4,3.2,1,1,0,0,0,0,7,1,0,"10,031",0,20,1,0,0,16.4,0,0,0,37.5,"2,625",30,14,0,7,0,7
262,2754,15179,2,2.5,1,0,0,1.2,0,1,0,1,0,0.4502,1,90,0,1,0,16.4,0,"73,563",3.95,37.5,"2,625",30,14,0,6,0,6
263,27379,4789,4,3.2,0,1,0,0,0,0,9,0,0,0.3505,1,80,0,1,0,6.78,0,47.2,1.88,37.5,"2,625",25,16,0,17,0,17
264,27379,4848,4,3.2,0,1,0,0,0,0,9,0,0,0.4435,1,80,0,1,0,6.78,0,42.5,"2,825",37.5,"2,625",30,16,0,18,1,19
265,7130.75,3514,2,2.7,1,0,0,1.5,0,1,0,0,0,0.1462,1,100,0,0,1,"242,625",0,48.2,2.98,37.5,"2,625",30,16,2,8,0,10
266,17351,1534,4,3,1,0,0,3,0,0,12,0,1,0.8401,1,80,0,1,0,6.1,0,52,1.9,"33,333","2,625",30,11,0,3,0,3
267,4879,360,1,3,0,1,0,0,0,1,0,0,0,0.6911,0,20,1,0,0,"83,975",0,0,0,"33,333","2,625",30,11,0,2,0,2
268,25640.75,12004,4,2.5,0,0,0,2.1,0,0,3.5,0,0,"11,606",1,70,0,1,0,4.83,0,64.5,"3,467","33,333","2,625",30,11,1,49,9,59
269,20322.75,3248,4,2.7,0,1,0,0,0,0,8,0,0,"11,271",1,70,0,1,0,"99,025",0,"45,286","3,043","33,333","2,625",30,11,0,14,1,15
270,2213.25,11512,2,2.9,1,0,0,2.5,0,1,0,1,0,0.4249,1,100,0,0,1,31.11,0,"73,364","3,627","33,333","2,625",30,8,0,0,0,0
271,36976.5,1560,4,2.9,0,1,0,0,0,0,4,0,0,0.8297,0,20,1,0,0,0,0,0,0,"33,333","2,625",30,8,1,23,1,25
272,1552,277,1,3.5,0,0,0,2.5,0,0,1.5,0,0,0.48,0,20,1,0,0,41.8,0,0,0,37.5,"2,625",30,10,0,3,0,3
273,1552,2001,3,3.2,1,0,0,1.8,0,0,2.9,0,0,0.6646,1,80,0,1,0,41.8,1,71.5,3.65,37.5,"2,625",30,10,0,0,0,0
274,15992,1866,2,2.9,0,1,0,0,0,1,0,0,0,0.5525,1,60,0,1,0,"6,045",1,52,3,37.5,"2,625",30,10,0,15,2,17
275,24120,4637,4,3,0,1,0,0,0,0,3,0,0,0.9188,1,70,0,1,0,"6,945",0,"75,167","4,167",37.5,"2,625",30,10,0,28,7,35
276,24120,3402,4,3,0,1,0,0,0,0,3,0,0,0.7155,1,80,0,1,0,"6,945",0,"71,333","4,833",37.5,"2,625",30,10,0,18,3,21
277,12339.5,5516,2,2.5,1,0,0,1.5,1,1,0,1,0,0.6185,1,80,0,1,0,"65,575",0,75.6,5.94,37.5,"2,625",30,10,0,2,0,2
278,12339.5,1086,1,3.4,0,1,0,0,0,1,0,0,0,0.9071,0,20,1,0,0,"65,575",0,0,0,37.5,"2,625",30,10,0,3,0,3
279,9544.75,1958,8,3.2,0,1,0,0,0,0,10.8,0,0,0.2527,1,110,0,0,1,18.47,1,43,"1,867",37.5,"2,625",30,10,0,4,0,4
280,142742,1567,8,3.4,0,1,0,0,0,0,6.7,0,1,0.3258,1,110,0,0,1,0,1,47,1.55,37.5,"2,625",30,10,1,10,0,11
281,9544.75,2098,8,3,0,1,0,0,0,0,11,0,0,0.2525,1,110,0,0,1,18.47,1,48.5,2.05,37.5,"2,625",30,10,0,12,1,13
282,142742,1001,8,3.4,0,1,0,0,0,0,6.7,0,1,0.3586,1,110,0,0,1,0,1,41,2.1,37.5,"2,625",30,10,0,9,0,9
283,15181,1949,4,3.2,0,1,0,0,0,0,14,0,1,0.0874,1,100,0,0,1,5.13,1,48,1.65,37.5,"2,625",30,10,0,10,1,11
284,18595,864,8,3.2,0,1,0,0,0,0,8,0,0,0.3892,1,110,0,0,1,"71,525",0,23,1.9,37.5,"2,625",30,10,0,5,0,5
285,13797.5,842,4,3.5,0,1,0,0,0,0,1.5,0,0,0.2571,1,100,0,0,1,"43,325",1,55,2.2,37.5,"2,625",30,10,0,9,1,10
286,134040.5,1699,8,3.5,1,1,0,0,0,0,10.2,0,0,0.2531,1,110,0,0,1,"75,125",1,52,1.6,37.5,"2,625",30,11,0,10,2,12
287,2352.5,731,2,3.8,1,0,0,2.5,0,0,6.5,0,1,"22,683",1,60,0,1,0,15.7,0,58,2.2,37.5,"2,625",30,11,0,1,0,1
288,34848.75,995,4,2.6,0,1,0,0,0,1,2.3,0,0,0.5802,0,20,1,0,0,0,0,0,0,37.5,"2,625",30,11,0,8,2,10
289,34657.75,163,1,3,0,1,0,0,0,0,2.3,0,0,0.219,0,20,1,0,0,5.39,0,0,0,37.5,"2,625",30,11,0,2,0,2
290,29056,772,1,3,0,1,0,0,0,0,2.5,0,0,0.1034,0,20,1,0,0,"385,475",0,0,0,37.5,"2,625",30,11,0,2,0,2
291,2124,5982,2,5,1,1,0,0,0,1,0,0,0,0.442,1,100,0,0,1,"137,075",0,57,"4,467",37.5,"2,625",30,11,0,1,0,1
292,5742.75,669,2,3,1,0,0,2.1,0,1,0,0,0,0.1191,1,100,0,0,1,25,1,62,4.4,37.5,"2,625",30,11,0,3,0,3
293,5742.75,7249,2,2.5,1,0,0,2.1,0,1,0,0,0,0.1724,1,100,0,0,1,25,1,"59,143","4,257",37.5,"2,625",30,11,0,5,1,6
294,9544.75,2699,8,3.4,0,1,0,0,0,0,10.1,0,0,0.428,1,110,0,0,1,18.47,1,"41,667","1,733",37.5,"2,625",30,11,0,8,0,8
295,15181,1815,4,3.5,0,1,0,0,0,0,9.5,0,1,0.0764,1,100,0,0,1,5.13,1,55,3.35,37.5,"2,625",30,11,0,14,3,17
296,71831,573,4,3.5,0,1,0,0,0,0,0,0,0,0.0877,1,100,0,0,1,8.42,1,22,1.4,37.5,"2,625",30,11,0,1,0,1
297,71831,702,4,3.5,0,1,0,0,0,0,6.5,0,0,0.083,1,100,0,0,1,8.42,1,54,1.8,37.5,"2,625",30,11,0,1,1,2
298,4732.25,620,1,3,0,1,0,0,0,0,9.7,0,0,"14,299",0,20,1,0,0,"7,775",0,0,0,37.5,"2,625",30,11,0,1,0,1
299,5650,455,1,3.7,0,1,0,0,0,1,14,0,0,0.168,0,20,1,0,0,"60,475",0,0,0,37.5,"2,625",30,11,0,2,0,2
300,14012.5,1760,8,3.2,0,1,0,0,0,1,0,0,0,0.2516,1,110,0,0,1,"7,705",1,44.5,2,37.5,"2,625",30,11,1,4,4,9
301,14012.5,1894,8,4,0,0,0,2.8,0,0,5.5,0,0,0.2498,1,110,0,0,1,"7,705",1,49,2.5,37.5,"2,625",30,11,1,12,1,14
302,134040.5,510,1,4,0,0,0,2.8,0,0,5.5,0,0,0.2915,0,20,1,0,0,"75,125",0,0,0,37.5,"2,625",30,11,0,1,1,2
303,18595,938,8,3.2,0,1,0,0,0,0,3.8,0,0,0.3563,1,110,0,0,1,"71,525",0,30,1.2,37.5,"2,625",30,11,0,6,0,6
304,12437.25,741,8,3.8,0,1,0,0,0,0,5,0,0,0.391,1,110,0,0,1,"125,375",0,32.5,1.65,37.5,"2,625",30,11,0,3,0,3
305,9544.75,856,1,3.8,0,1,0,0,0,0,7.2,0,0,0.1528,0,20,1,0,0,18.47,0,0,0,37.5,"2,625",30,11,0,5,0,5
306,9544.75,723,1,3,0,0,0,3.5,0,1,0,0,0,0.1498,0,20,1,0,0,18.47,0,0,0,37.5,"2,625",30,14,0,2,0,2
307,9544.75,395,8,3.5,0,1,0,0,0,0,10.2,0,0,0.061,1,110,0,0,1,18.47,0,60,2.2,37.5,"2,625",30,14,0,3,0,3
308,4732.25,657,1,3.2,0,0,0,2.4,0,0,6.5,0,0,"29,132",0,20,1,0,0,"7,775",0,0,0,"33,333","2,625",40,14,0,0,1,1
309,1136.25,3402,2,3.6,1,1,0,0,0,1,14,0,0,0.6195,1,100,0,0,1,7.58,0,64,3.85,"33,333","2,625",30,13,0,2,0,2
310,32086.75,1887,4,3,0,0,0,3,0,1,0,0,1,"10,854",1,70,0,1,0,5.82,0,58,3.95,37.5,"2,625",30,9,0,13,1,14
311,13797.5,1127,4,3,0,0,0,0,0,0,8,0,0,0.3232,1,100,0,0,1,"43,325",1,61,2.1,37.5,"2,625",30,9,0,4,1,5
312,13797.5,497,4,3.5,0,1,0,0,0,0,15,0,0,"11,525",1,100,0,0,1,"43,325",1,61,2.1,37.5,"2,625",30,9,0,0,0,0
313,4249.25,9206,2,3.4,1,1,0,0,0,0,15,0,1,0.6709,1,90,0,1,0,"273,975",0,"63,125",4.4,37.5,"2,625",30,9,0,1,0,1
314,7699.75,2635,4,2.8,1,1,0,0,1,1,0,0,0,0.4945,1,100,0,0,1,"9,505",0,"30,333","3,367",25,"2,625",30,9,2,2,0,4
315,14734,1490,3,3,0,0,0,2.1,0,1,0,0,0,0.9464,1,70,0,1,0,11.19,1,48,2.9,25,"2,625",30,9,0,6,2,8
316,68054,107,1,3.4,0,0,0,2.1,0,1,0,0,0,0.4066,0,20,1,0,0,0,0,0,0,37.5,"2,625",30,12,0,0,0,0
317,34657.75,133,1,4,0,1,0,0,0,1,0,0,0,"1,511",0,20,1,0,0,5.39,0,0,0,37.5,"2,625",30,12,0,5,3,8
318,34657.75,367,4,5,0,1,0,0,1,0,1.8,0,0,"12,845",1,60,0,1,0,5.39,0,148,6.3,37.5,"2,625",30,12,0,3,0,3
319,118124,5413,4,3.4,0,1,0,0,1,0,2,0,0,"2,545",1,60,0,1,0,8.44,0,87,4.8,37.5,"2,625",30,12,0,12,2,14
320,3953.25,5504,2,3.2,1,1,0,0,1,1,14,1,0,0.2744,1,100,0,0,1,"277,925",0,68.5,"3,817",37.5,"2,625",30,12,0,3,1,4
321,14012.5,1488,8,3.4,0,1,0,0,0,0,8,0,0,0.3287,1,110,0,0,1,"7,705",1,55,1.9,37.5,"2,625",30,12,0,9,1,10
322,9544.75,403,1,3.2,0,0,1,3.5,0,1,0,0,0,0.43,0,20,1,0,0,18.47,0,0,0,37.5,"2,625",30,12,0,1,0,1
323,14012.5,510,8,3.5,0,1,0,0,0,0,10,0,0,0.2896,1,110,0,0,1,"7,705",1,55,1.8,"33,333","2,625",30,12,0,2,0,2
324,22878.5,457,1,3.6,0,1,0,0,0,0,6.2,0,0,0.053,0,20,1,0,0,"3,045",0,0,0,"33,333","2,625",30,12,0,0,0,0
325,18550.75,2402,5,3.2,0,0,0,2.1,0,1,0,0,0,0.9387,1,60,0,1,0,3.91,0,98.5,3.3,37.5,"2,625",30,10,0,16,4,20
326,3323.25,1454,3,3.4,0,1,0,0,1,0,4,0,0,"30,115",1,60,0,1,0,7.65,0,76.5,1.1,37.5,"2,625",30,11,0,13,5,18
327,118124,965,1,3,0,1,0,0,1,1,0,0,0,0.0867,0,20,1,0,0,8.44,0,0,0,37.5,"2,625",30,11,0,12,2,14
328,30808.5,815,4,3.5,0,0,0,2.1,0,0,3,0,0,"19,062",1,60,0,1,0,6.4,0,88.5,3,37.5,"2,625",30,11,1,11,2,14
329,70451.75,1236,6,3.2,0,0,0,2.1,0,0,4.5,0,0,0.4796,0,20,1,0,0,5.5,0,0,0,37.5,"2,625",30,11,0,11,3,14
330,54812,2200,4,3.4,0,0,0,2.1,0,0,16,0,0,0.4424,1,80,0,1,0,5.27,0,50,4.15,37.5,"2,625",30,11,0,17,4,21
331,9352,4940,2,3.5,1,0,1,2.5,0,0,38,0,0,0.4877,1,80,0,1,0,"121,475",1,61.2,4.56,37.5,"2,625",30,11,0,11,2,13
332,57704,9578,6,3.4,0,0,0,2.1,0,0,0.5,0,0,0.8374,1,70,0,1,0,"5,265",1,66.6,3.72,37.5,"2,625",30,13,1,151,29,181
333,33154.25,6059,5,3.4,0,0,0,2.6,0,0,0.5,0,0,0.5771,1,70,0,1,0,"66,275",0,69,"3,575",37.5,"2,625",30,13,0,40,6,46
334,54812,763,4,3,0,1,0,0,0,0,20,0,0,0.6201,1,80,0,1,0,5.27,0,68,4,37.5,"2,625",30,13,0,2,0,2
335,10299.25,3043,2,3.5,0,0,0,2.1,0,0,10,0,0,0.2494,1,100,0,0,1,"131,675",1,"27,667","1,767",37.5,"2,625",30,13,0,5,0,5
336,1148,15766,2,3.4,1,0,0,2.1,0,1,0,0,0,0.5326,1,90,0,1,0,25.07,0,"80,813",3.75,37.5,"2,625",30,13,0,2,1,3
337,16082.75,2412,5,3.2,0,0,0,2.1,0,1,0,0,0,"13,152",1,60,0,1,0,"3,755",0,78,2.8,0,"2,625",30,12,1,20,9,30
338,38323,344,5,3.4,0,1,0,0,1,0,1.8,0,0,0.774,1,60,0,1,0,4.93,0,82,3.4,0,"2,625",30,12,0,7,4,11
339,20058.5,874,4,2.8,0,1,0,0,0,1,0,0,0,0.6284,1,60,0,1,0,"131,675",0,108,3.4,0,"2,625",30,12,0,27,4,31
340,10706.5,6795,2,3.5,1,1,0,0,1,0,3.5,0,0,1.1,1,80,0,1,0,"6,955",0,"70,143","5,457",0,"2,625",30,12,0,7,0,7
341,10268,3631,3,3.5,0,1,0,0,0,0,6,0,0,0.418,1,70,0,1,0,"139,675",0,69.75,"2,725",37.5,"2,625",30,12,0,3,0,3
342,5298,4241,2,3,0,0,0,2.5,1,1,4,0,1,0.2564,1,100,0,0,1,18.8,1,72.25,5.6,37.5,"2,625",30,12,0,1,0,1
343,12437.25,414,1,3,0,0,0,2.1,0,1,0,0,0,0.1695,0,20,1,0,0,"125,375",0,0,0,50,"2,625",30,12,0,1,1,2
344,134040.5,3043,8,3.8,0,1,0,0,0,0,12,0,0,0.3217,1,110,0,0,1,"75,125",1,"41,333","2,033",50,"2,625",30,12,0,5,1,6
345,134040.5,3389,8,3.5,0,1,0,0,0,0,12,0,0,0.327,1,110,0,0,1,"75,125",1,54,"1,967",50,"2,625",30,12,1,5,2,8
346,9544.75,288,1,3.5,0,1,0,0,0,0,12,0,0,0.162,0,20,1,0,0,18.47,0,0,0,50,"2,625",30,12,0,0,2,2
347,39293.75,965,1,3.5,0,1,0,0,1,1,0,1,0,0.2637,0,20,1,0,0,4,0,0,0,40,"2,625",30,12,0,6,1,7
348,39293.75,1162,6,3.5,0,1,0,0,0,0,5,0,1,0.2782,1,100,0,0,1,4,1,33,3.8,40,"2,625",30,12,0,5,2,7
349,2544,2359,2,3.5,1,1,0,0,0,0,5,0,0,0.764,1,80,0,1,0,"46,545",0,77,"4,833",40,"2,625",30,12,0,2,0,2
350,54182.5,1306,4,3.6,0,1,0,0,0,0,6.5,0,0,0.0525,1,100,0,0,1,"386,175",1,43,3.25,25,"2,625",30,5,0,2,0,2
351,20058.5,909,4,3.2,0,0,0,1.5,0,1,0,0,0,0.6827,1,60,0,1,0,"131,675",0,98,"3,067",25,"2,625",30,5,0,15,2,17
352,22878.5,454,1,3.4,0,1,0,0,1,0,1.6,0,0,0.0595,0,20,1,0,0,"3,045",0,0,0,40,"2,625",30,13,0,0,0,0
353,57704,1643,6,3.5,0,0,0,2.1,0,0,12,0,0,0.9636,1,60,0,1,0,"5,265",1,100,4.1,40,"2,625",30,13,0,16,9,25
354,9544.75,513,1,3,0,1,0,0,1,0,6.5,0,0,0.086,0,20,1,0,0,18.47,0,0,0,40,"2,625",30,11,0,3,0,3
355,34657.75,102,1,3,0,0,1,2.5,0,0,30,0,0,0.667,0,20,1,0,0,5.39,0,0,0,"33,333","2,625",30,8,0,1,0,1
356,34657.75,113,1,4.5,0,1,0,0,1,1,6,1,0,0.7643,0,20,1,0,0,5.39,0,0,0,"33,333","2,625",30,8,0,6,3,9
357,57704,939,6,5,0,1,0,0,1,0,1.8,0,0,0.7659,1,60,0,1,0,"5,265",1,57,4.9,"33,333","2,625",30,8,0,19,4,23
358,68054,171,1,3,0,1,0,0,1,0,5.2,0,0,"12,573",0,20,1,0,0,0,0,0,0,"33,333","2,625",30,13,0,0,0,0
359,15879.25,1748,2,4,1,1,0,0,0,0,8,0,0,0.4841,1,60,0,1,0,"6,305",1,42,4.7,"26,667","2,333",20,12,0,9,3,12
360,68054,569,1,3.2,0,0,1,2.1,0,1,0,0,0,0.2359,0,20,1,0,0,0,0,0,0,30,"2,333",30,12,0,12,0,12
361,14846.5,4207,4,2.8,0,0,0,1.2,0,1,0,0,0,0.3609,1,70,0,1,0,"145,125",0,"66,571","3,871","33,333","2,333",25,9,1,20,1,22
362,8312.5,2951,2,3,1,1,0,0,1,1,5,0,1,"35,726",1,80,0,1,0,"85,125",1,"81,333","2,867",30,"2,667",20,14,0,6,4,10
363,5298,1385,2,3,1,0,1,0.6,0,1,2.5,0,0,0.7636,1,80,0,1,0,18.8,0,64.5,6.9,30,"2,667",20,14,0,1,0,1
364,5298,167,1,3.2,0,0,0,0,0,1,0,0,0,0.076,0,20,1,0,0,18.8,0,0,0,30,"2,667",20,14,0,0,0,0
365,21174.75,962,4,3.2,1,1,0,0,1,0,13,0,0,0.8566,1,60,0,1,0,"41,275",0,74,2.1,30,"2,667",20,14,0,5,2,7
366,21174.75,964,4,3,1,0,0,1.5,0,1,8.5,0,0,"27,423",1,60,0,1,0,"41,275",0,72,3.1,30,"2,667",20,14,0,6,1,7
367,118124,1493,6,3,0,0,0,1.5,0,1,8.5,0,0,0.0624,1,100,0,0,1,8.44,0,62,5.1,30,"2,333",20,13,0,8,0,8
368,16367.25,1265,1,3.2,0,0,0,0.6,0,1,0,0,0,0.4447,0,20,1,0,0,"8,285",0,0,0,30,"2,667",20,13,0,3,0,3
369,16367.25,1264,2,3.4,1,0,0,2.1,0,1,0,0,0,0.4674,1,100,0,0,1,"8,285",0,42.5,2.75,50,"2,333",25,12,0,3,0,3
370,6688.5,11526,2,3.5,1,0,0,3,0,0,13,0,0,0.6247,1,90,0,1,0,32.77,0,"60,917",5.6,50,"2,333",25,12,0,6,1,7
371,6295.75,417,1,3.4,0,0,0,0.9,0,1,0,0,0,0.9286,0,20,1,0,0,"45,225",0,0,0,"33,333","2,625",30,12,0,0,0,0
372,3550.5,1732,2,3.4,1,1,0,0,1,1,3.8,0,1,"10,828",1,70,0,1,0,8.15,0,98,3.95,"33,333","2,625",30,12,0,2,0,2
373,8764,1430,3,3,1,1,0,0,1,1,0,0,0,"22,243",1,50,1,0,0,"46,425",0,83,2.3,"33,333","2,625",30,12,0,4,0,4
374,25664.75,4229,4,3.2,0,0,1,2.1,0,1,0,0,0,0.9625,1,60,0,1,0,"11,005",0,73.8,2.28,"33,333","2,625",40,12,0,35,5,40
375,12166.25,1583,4,3.2,1,1,0,0,1,1,13,0,0,"24,168",1,60,0,1,0,10.21,0,76.5,2.4,0,"2,333",25,0,0,9,1,10
376,4517,5279,2,3,1,1,0,0,1,0,5.5,1,0,0.1434,1,100,0,0,1,"228,125",0,"72,333","4,283",0,"2,625",30,0,0,2,0,2
377,27290.75,3931,4,3,1,1,0,0,1,0,4,1,0,0.7251,1,70,0,1,0,"6,555",0,59.4,2.14,37.5,"2,625",30,0,0,20,5,25
378,5624.75,4968,2,3.2,1,0,0,1.8,0,0,6.3,0,0,0.256,1,80,0,1,0,"13,555",0,59.2,5.46,37.5,"2,625",30,0,0,4,0,4
379,24121.75,11637,4,3,0,1,0,0,1,0,3.8,0,0,"10,134",1,60,0,1,0,"41,925",0,"61,417","4,442",37.5,"2,625",30,0,0,52,18,70
380,34348.25,1611,4,3,0,1,0,0,1,0,3.8,0,0,0.2683,1,70,0,1,0,4.88,0,57,4.9,37.5,"2,625",30,0,0,9,4,13
381,7588,1800,2,3.2,1,1,0,0,1,0,5,0,1,"12,013",1,80,0,1,0,"80,225",0,48,2.65,37.5,"2,625",30,0,0,1,0,1
382,20431,10545,4,3.5,0,0,0,0.9,0,1,0,0,0,0.5877,1,80,0,1,0,12.44,0,47.5,2.44,37.5,"2,625",30,0,0,42,10,52
383,23430,5313,4,3.5,0,0,0,2.6,0,0,12,0,0,0.414,1,90,0,1,0,0,0,42.4,2.58,37.5,"2,625",30,0,0,15,1,16
384,22554.75,7010,2,3.4,1,0,0,2.8,0,1,2.4,0,1,0.3903,1,90,0,1,0,"55,725",0,"53,286",3.6,37.5,"2,625",30,0,1,7,1,9
385,39243.75,693,6,3.2,1,0,0,2.8,0,1,0,0,0,0.5888,1,80,0,1,0,"3,865",0,61,4.8,37.5,"2,625",30,0,0,4,0,4
386,17816.75,6451,2,3.2,0,1,0,0,0,0,10,0,0,0.2422,1,80,0,1,0,"104,875",1,"48,714","2,729",37.5,"2,625",30,0,1,26,1,28
387,12713.75,6393,2,3,1,0,1,2.5,0,1,0,0,0,0.3163,1,80,0,1,0,"187,225",1,84,"4,267",37.5,"2,625",30,0,2,11,0,13
388,399.75,8586,2,3,1,0,0,1.5,1,1,0,0,0,0.216,1,100,0,0,1,54.22,0,"59,889","5,078",37.5,"2,625",30,0,0,7,1,8
389,49118.5,5374,4,3.2,0,0,0,3.5,1,1,0,0,0,0.9881,1,80,0,1,0,"5,865",0,64,6.2,37.5,"2,625",30,0,0,31,5,36
390,20135.25,3034,2,3.5,0,1,0,0,0,0,13,0,0,0.3117,1,80,0,1,0,5.1,1,"55,333",4.5,37.5,"2,625",30,0,0,29,5,34
391,20488.5,2785,4,3.5,0,0,0,0.9,0,1,0,0,0,0.1485,1,60,0,1,0,"77,525",0,"83,333",5.6,"33,333","2,625",30,0,0,29,2,31
392,9859.75,770,4,3,0,1,0,0,0,0,10,0,0,0.5801,1,60,0,1,0,8.64,0,83,5.7,"33,333","2,625",30,0,0,10,2,12
393,22716,993,4,3,0,0,1,2.5,0,1,0,0,0,0.4269,1,60,0,1,0,"5,115",0,108,3.1,"33,333","2,625",30,0,0,25,6,31
394,875.25,12508,2,3,1,1,0,0,0,1,0,0,1,"31,113",1,90,0,1,0,"69,875",0,"80,385",3.8,"33,333","2,625",30,0,0,13,1,14
395,3600,1508,2,3.4,1,0,0,0.9,0,1,0,0,1,0.7656,1,60,0,1,0,8.81,1,106,3.55,"33,333","2,625",30,0,0,0,0,0
396,28002.75,3301,4,3,0,0,0,0.9,0,1,0,0,0,0.2427,1,70,0,1,0,5.42,0,68,4.75,"33,333","2,625",30,0,0,24,3,27
397,30651.75,1035,4,3.4,0,1,0,0,0,0,6,0,0,"21,474",1,60,0,1,0,"39,675",0,76,"4,633","33,333","2,625",30,0,0,5,1,6
398,32061.75,3296,4,3.2,0,1,0,0,0,0,10,0,0,0.2972,1,70,0,1,0,4.67,0,57.75,5,"33,333","2,625",30,0,0,22,5,27
399,23872.75,1876,1,3.5,0,1,0,0,0,1,0,0,0,0.782,0,20,1,0,0,"52,625",0,0,0,"33,333","2,625",40,0,0,41,6,47
400,23872.75,1883,1,3.2,0,1,0,0,0,0,2.2,0,0,0.6829,0,20,1,0,0,"52,625",0,0,0,0,"2,625",40,0,0,24,7,31
401,15692.5,1335,2,3.2,1,1,0,0,1,0,6,0,0,"13,691",0,20,1,0,0,"6,935",0,0,0,40,"2,667",30,0,0,0,1,1
402,774,8902,2,3.2,1,1,0,0,0,1,0,0,1,"31,741",1,70,0,1,0,"86,475",0,121.6,4.46,40,"2,667",25,0,1,7,1,9
403,19975,3488,5,3.5,0,1,0,0,1,1,0,0,0,"13,302",1,60,0,1,0,"36,525",0,"57,333","2,467",0,0,25,0,0,28,5,33
404,5657.5,3614,2,5,1,1,0,0,0,1,0,0,1,"82,146",1,80,0,1,0,"19,025",0,85,"4,175","33,333","2,333",20,0,0,1,1,2
405,13871,152,1,3,0,1,0,0,0,1,0,0,0,0.1995,0,20,1,0,0,"53,675",0,0,0,"33,333",0,20,0,0,3,1,4
406,6757.5,5542,2,3.2,1,0,0,1.8,0,1,0,0,0,0.2056,1,100,0,0,1,"344,425",0,53.8,3.86,50,"2,667",20,0,1,3,3,7
407,5657.5,3860,2,3,1,0,0,0.9,0,1,0,0,0,0.8045,1,100,0,0,1,"19,025",0,60.75,4.4,30,"2,667",20,0,0,1,0,1
408,18671.5,12457,5,3,1,1,0,0,1,0,5.8,1,0,0.6228,1,70,0,1,0,"53,725",0,"51,538","2,231",0,"2,625",20,0,0,44,11,55
409,17607,1574,4,3.4,0,1,0,0,1,1,0,0,0,"11,411",1,80,0,1,0,11.02,0,45,1.75,30,0,20,0,0,8,1,9
410,5345.5,5275,2,3,1,0,1,1.5,0,0,6.5,1,0,0.2121,1,100,0,0,1,"283,275",0,77.8,6.56,"33,333",3,50,0,0,5,0,5
411,1206.75,8222,2,3.4,1,0,0,0.9,0,1,0,0,0,0.303,1,100,0,0,1,"193,325",0,"59,778",4.6,0,"2,333",25,0,0,0,0,0
412,39243.75,2497,4,3.4,1,0,0,0.9,0,1,0,0,0,0.3499,1,80,0,1,0,"3,865",0,46.5,2.45,"33,333","2,333",25,0,0,6,3,9
413,30442.25,2045,4,3,1,1,0,0,0,0,8.5,0,0,0.673,1,80,0,1,0,"54,425",0,64.5,6,"33,333","2,333",25,0,0,7,0,7
414,14624,806,4,3.2,0,1,0,0,0,0,14,0,1,0.2016,1,60,0,1,0,21.13,0,92,5.85,"33,333","2,333",25,0,0,21,5,26
415,17142.75,294,1,3,0,1,0,0,0,1,0,0,0,"57,029",0,20,1,0,0,22.12,0,0,0,"33,333","2,333",25,0,0,1,0,1
416,17142.75,1334,4,3.6,0,1,0,4,1,1,0,0,1,"52,094",1,60,0,1,0,22.12,0,93,4.6,"33,333","2,625",25,0,0,7,0,7
417,4291,5460,4,2.8,1,1,0,10,0,1,0,0,0,0.125,1,100,0,0,1,10.34,0,56.6,6.1,"33,333","2,625",25,0,0,1,2,3
418,19905,3289,4,3,1,0,0,3,0,0,20,0,0,0.5483,1,90,0,1,0,"171,375",0,"72,333","5,233","33,333","2,625",25,0,0,3,1,4
419,27116,1919,4,2.8,1,1,0,0,0,0,17,0,0,0.2315,1,70,0,1,0,"176,925",0,59.5,3.55,"33,333","2,625",25,0,0,8,0,8
420,25823.5,10386,4,3.2,1,1,0,0,0,0,12.5,0,0,0.2544,1,90,0,1,0,3.96,0,54.7,4.26,30,"2,625",0,10,1,15,3,19
421,23377.5,6269,4,3,0,0,0,1.5,0,1,0,0,0,"14,511",1,60,0,1,0,3.81,0,64.5,"3,233",50,0,20,13,1,43,10,54
422,4117,329,1,3.2,0,1,0,0,0,1,0,0,0,0.2498,0,20,1,0,0,"96,825",0,0,0,0,"2,333",20,15,0,1,0,1
423,41762.75,1827,4,3.2,0,1,0,0,0,0,15,0,0,0.6137,1,100,0,0,1,8.97,0,70.5,5.35,"33,333","2,333",25,17,0,5,1,6
424,3378.75,4101,2,3,1,0,0,0,0,0,15,0,0,0.5146,1,100,0,0,1,"178,675",0,59.2,4.64,0,"2,333",25,16,0,0,0,0
425,39243.75,240,1,3,0,0,0,0.9,0,1,0,0,0,0.1645,0,20,1,0,0,"3,865",0,0,0,50,"2,333",25,13,0,2,0,2
426,4630.25,7359,2,3.6,1,1,0,0,0,0,5,0,0,0.5387,1,90,0,1,0,"15,965",0,"62,857","5,729","33,333","2,333",25,15,0,3,0,3
427,5624.75,8030,2,3.5,1,0,0,0.9,0,1,3,0,1,0.5583,1,90,0,1,0,"13,555",0,"47,444","2,744","33,333","2,333",25,13,0,1,1,2
428,4821.25,2157,3,3,1,0,0,0.9,0,1,0,0,0,0.2692,1,60,0,1,0,"143,875",0,131,6.25,50,"2,625",20,11,0,5,1,6
429,3914,2145,4,3.2,1,0,0,2.1,0,1,0,0,0,0.4219,1,100,0,0,1,5.82,0,46.5,3.55,"33,333","2,625",25,14,1,3,0,4
430,3476.5,3134,2,2.8,1,0,0,2.5,0,0,6,0,0,0.685,1,90,0,1,0,"9,645",0,73,5.05,30,2.4,20,13,1,6,0,7
431,430.75,8777,2,3.6,1,0,0,1.5,0,1,0,0,0,0.5074,1,90,0,1,0,"40,375",0,76.1,4.03,0,2.4,15,13,1,0,0,1
432,20703,424,1,2.7,0,0,1,0.9,0,1,0,0,0,0.2343,0,20,1,0,0,"105,925",0,0,0,0,2.4,0,13,0,3,2,5
433,20703,424,4,2.8,1,1,0,0,0,0,5.5,0,0,0.2589,1,60,0,1,0,"105,925",0,135,4.9,40,2.4,0,13,0,3,1,4
434,20703,689,4,2.8,1,1,0,0,0,0,5.5,0,0,0.3194,1,60,0,1,0,"105,925",0,150,5.8,40,2.4,0,13,0,6,1,7
435,7338,2286,2,2.8,1,1,0,0,1,1,0,1,0,0.4338,1,100,0,0,1,"211,225",0,104.5,3.65,0,2.4,0,13,0,1,0,1
436,14533.75,3304,2,3,1,0,0,2.1,0,0,11,0,0,0.4591,1,70,0,1,0,"8,355",1,101.75,"5,875",0,"2,625",20,20,0,23,3,26
437,2490.75,9134,2,3,1,0,0,1.8,0,1,0,0,1,"70,071",1,60,0,1,0,"45,075",0,"122,333","3,989",0,"2,625",20,20,1,15,4,20
438,7338,2270,2,3.5,1,1,0,0,1,1,0,0,0,0.6513,1,60,0,1,0,"211,225",0,108.5,4.85,0,"2,625",20,20,0,6,1,7
439,14507.5,833,4,3,0,0,1,2.1,0,1,0,0,0,0.1656,1,60,0,1,0,"18,915",0,82,5,0,"2,625",20,20,0,13,2,15
440,14253.5,7790,4,3.2,1,0,1,2,0,1,2.5,0,0,0.2006,1,100,0,0,1,"178,075",0,"54,375","5,488",0,"2,625",25,26,0,6,1,7
441,25823.5,6635,4,2.8,1,0,1,2.1,0,0,20,0,0,0.2269,1,100,0,0,1,3.96,0,"51,333","6,283",0,"2,625",25,26,0,13,0,13
442,2711.75,4733,2,3.5,1,0,0,2.5,0,1,0,0,0,0.3224,1,60,0,1,0,"254,275",0,108.75,"4,125",0,"2,625",25,19,0,6,1,7
443,5266.75,6896,2,3,1,1,0,0,1,1,0,0,0,0.3431,1,90,0,1,0,"168,775",0,"60,714","5,943",37.5,"2,625",25,18,0,4,0,4
444,15692.5,147,1,3.5,0,0,0,3,0,0,8.5,0,0,0.5224,0,20,1,0,0,"6,935",0,0,0,40,"2,625",20,15,0,1,0,1
445,12159,1795,4,3.4,0,0,0,2.1,0,1,0,0,0,"16,653",1,60,0,1,0,"3,415",0,87.5,5.1,40,"2,625",20,15,0,24,6,30
446,23678,381,4,2.8,0,1,0,0,1,0,4,1,0,0.3624,1,100,0,0,1,14.27,0,40,3.8,30,"2,625",25,11,0,1,0,1
447,29371.5,156,1,3.2,0,1,0,0,0,0,13,0,0,0.3856,0,20,1,0,0,"133,175",0,0,0,40,"2,625",20,15,0,0,0,0
448,28987.5,5954,4,3,0,0,0,0.9,0,1,0,0,0,"11,398",1,60,0,1,0,"3,705",0,"65,571","3,143",40,"2,625",20,15,0,23,5,28
449,15412,1467,4,3.2,0,1,0,0,1,0,9,0,1,0.9553,1,80,0,1,0,9.34,0,62,2.5,40,"2,625",20,15,0,5,0,5
450,28987.5,1693,4,5,0,1,0,0,1,0,3,0,0,0.7798,1,60,0,1,0,"3,705",0,80,3.45,40,"2,625",20,15,0,8,2,10
451,15692.5,1363,3,3.4,0,1,0,0,0,1,0,0,0,0.0765,1,100,0,0,1,"6,935",0,49.5,5.55,40,"2,625",20,17,0,1,0,1
452,15692.5,1333,4,3.2,0,0,0,0.9,0,1,0,0,0,0.2458,1,100,0,0,1,"6,935",0,60.5,3.9,40,"2,625",20,17,0,3,2,5
453,23678,365,1,3.2,0,1,0,0,0,0,14,0,0,0.612,0,20,1,0,0,14.27,0,0,0,40,"2,625",20,17,0,1,0,1
454,8627.5,7374,4,3,0,0,0,2.1,0,1,0,1,0,0.7057,1,60,0,1,0,3.31,0,89.2,4.4,40,"2,625",20,17,0,48,10,58
455,9544.75,114,1,3.4,0,1,0,0,1,0,5,0,0,0.7708,0,20,1,0,0,18.47,0,0,0,40,"2,625",20,17,0,0,1,1
456,9544.75,114,1,2.8,0,1,0,0,0,0,1,0,0,0.6026,0,20,1,0,0,18.47,0,0,0,40,"2,625",20,17,0,0,1,1
457,37634.5,100,1,2.8,0,1,0,0,0,0,1,0,0,0.113,0,20,1,0,0,3.38,0,0,0,40,"2,625",20,17,0,1,0,1
458,37634.5,114,1,3,0,1,0,0,0,0,1.5,0,0,0.111,0,20,1,0,0,3.38,0,0,0,40,"2,625",20,17,0,2,0,2
459,37405.25,3124,4,3,0,1,0,0,0,0,1.5,0,0,0.318,1,70,0,1,0,5.09,0,55,4.9,40,"2,625",20,17,0,43,5,48
460,8649.5,105,1,3,0,0,0,1.2,0,0,12,0,0,0.545,0,20,1,0,0,"15,915",0,0,0,40,"2,625",20,17,0,0,0,0
461,23201.5,1751,4,3,0,1,0,0,1,1,0,0,0,0.3798,1,60,0,1,0,"33,625",0,89,5.75,40,"2,625",20,16,0,20,1,21
462,9544.75,114,1,3,0,1,0,0,1,1,0,0,0,0.9514,0,20,1,0,0,18.47,0,0,0,40,"2,625",20,16,0,0,1,1
463,9544.75,83,1,3,0,1,0,0,0,0,0.5,0,0,0.4754,0,20,1,0,0,18.47,0,0,0,"33,333","2,625",30,16,0,0,0,0
464,9544.75,86,1,3.5,0,1,0,0,0,1,0,0,0,0.965,0,20,1,0,0,18.47,0,0,0,"33,333","2,625",0,9,0,0,0,0
465,9544.75,108,1,3,0,1,0,0,0,1,0,0,0,0.902,0,20,1,0,0,18.47,0,0,0,37.5,"2,625",25,11,0,2,1,3
466,9544.75,117,1,3.5,0,1,0,0,0,1,0,0,0,"10,661",0,20,1,0,0,18.47,0,0,0,40,"2,625",25,13,0,3,1,4
467,9544.75,81,1,3.5,0,1,0,0,0,1,0,0,0,"13,508",0,20,1,0,0,18.47,0,0,0,40,"2,625",25,13,0,0,0,0
468,9544.75,146,1,3.2,0,1,0,0,0,1,0,0,0,0.6532,0,20,1,0,0,18.47,0,0,0,40,"2,625",25,13,0,0,0,0
469,22878.5,144,1,3,0,1,0,0,1,0,4.5,0,0,0.3621,0,20,1,0,0,"3,045",0,0,0,"33,333","2,625",25,12,0,1,0,1
470,8301.75,3449,2,3.4,1,1,0,0,0,1,1,0,1,0.8321,1,90,0,1,0,10.39,0,56.5,"3,125",30,"2,625",25,12,0,11,1,12
471,15692.5,203,1,3,0,1,0,0,0,0,3.5,0,0,0.2779,0,20,1,0,0,"6,935",0,0,0,37.5,"2,625",25,14,0,0,0,0
472,23678,502,1,3.2,0,1,0,0,1,0,10,0,0,0.384,0,20,1,0,0,14.27,0,0,0,37.5,"2,625",25,14,0,0,0,0
473,17451.75,3443,4,3.5,0,0,1,2.5,0,1,0,1,1,0.2733,1,100,0,0,1,15.82,0,"38,333","4,167",37.5,"2,625",25,12,0,3,1,4
474,253.75,138,2,3.4,1,0,0,2.5,0,0,13,0,0,"2,989",1,60,0,1,0,"159,475",0,118,6,37.5,"2,625",25,12,0,0,0,0
475,24509.25,997,4,2.9,0,1,0,0,0,1,0,0,0,0.3136,1,60,0,1,0,"54,075",0,87,4.2,37.5,"2,625",25,12,0,15,1,16
476,34963.25,886,4,2.8,0,1,0,0,1,0,4,0,0,"14,519",1,60,0,1,0,3.84,0,59.5,3.75,37.5,"2,625",25,12,0,14,1,15
477,35942.25,313,1,3.2,0,1,0,0,0,0,0,0,0,0.5183,0,20,1,0,0,"41,725",0,0,0,37.5,"2,625",25,12,0,4,0,4
478,17430.75,376,4,3.2,0,0,0,2.5,0,1,0,0,0,0.361,1,60,0,1,0,"70,475",1,75,2,37.5,"2,625",25,12,0,3,0,3
479,3995.75,8467,2,2.7,1,0,0,4,0,1,0,0,0,0.1168,1,90,0,1,0,"8,545",0,"99,111","4,289",37.5,"2,625",25,12,0,3,3,6
480,14122,931,3,2.8,0,1,0,0,0,0,4,0,0,0.7951,1,60,0,1,0,18.61,0,81.5,3.3,37.5,"2,625",25,12,0,11,4,15
481,37634.5,4717,5,3.2,0,1,0,0,0,0,4.5,0,0,"11,904",1,60,0,1,0,3.38,0,68,2.78,37.5,"2,625",25,12,1,73,16,90
482,35942.25,790,6,3.2,0,1,0,0,0,0,4.5,0,0,0.6286,1,60,0,1,0,"41,725",0,104,2.4,37.5,"2,625",25,12,1,16,3,20
483,35942.25,1453,4,3.2,0,1,0,0,0,0,4.5,0,0,0.7334,1,70,0,1,0,"41,725",0,61.5,3.2,37.5,"2,625",25,12,0,15,5,20
484,1711.5,9695,2,2.8,1,0,0,1.8,0,1,0,0,1,"20,053",1,90,0,1,0,"7,095",0,66.8,3.64,37.5,"2,625",25,12,0,4,0,4
485,39.25,20903,2,3,1,0,1,3,0,1,0,0,0,0.1114,1,100,0,0,1,"252,175",0,"65,476",4.59,"33,333","2,625",30,10,0,1,0,1
486,817.5,13764,2,3,1,0,1,3,0,1,0,0,0,0.3202,1,90,0,1,0,"317,225",0,"74,214","3,457","33,333","2,625",30,10,0,4,1,5
487,253.75,2972,2,2.5,1,1,0,0,1,1,0,0,0,"1,347",1,90,0,1,0,"159,475",0,98.75,"3,475","33,333","2,625",30,10,0,0,0,0
488,33596.75,313,1,2.8,0,1,0,0,1,1,0,0,0,0.3575,0,20,1,0,0,3.94,0,0,0,"33,333","2,625",30,9,0,9,2,11
489,24434.75,3610,5,3.2,0,1,0,0,0,0,5,0,0,0.9216,1,70,0,1,0,"3,575",0,65.75,"3,225",37.5,"2,625",30,11,1,24,7,32
490,24434.75,3606,4,3.2,0,1,0,0,0,0,5,0,0,0.913,1,70,0,1,0,"3,575",0,70.25,"3,625",37.5,"2,625",30,11,0,20,3,23
491,8980.25,1616,4,3.2,1,1,0,0,0,1,0,0,0,"11,341",1,60,0,1,0,"144,625",0,132.5,5.6,37.5,"2,625",30,11,0,11,1,12
492,23678,993,4,3.8,0,1,0,0,0,1,3.5,0,0,0.4498,1,100,0,0,1,14.27,0,35,4,37.5,"2,625",25,14,0,0,1,1
493,1099,1935,2,3.2,1,1,0,0,0,1,0,1,0,0.1851,1,60,0,1,0,"120,725",0,"130,667","3,167",37.5,"2,625",25,14,0,0,0,0
494,15692.5,346,1,3.2,0,1,0,0,1,1,0,0,0,0.1024,0,20,1,0,0,"6,935",0,0,0,37.5,"2,625",25,14,0,0,0,0
495,15767.5,1574,2,3.5,0,1,0,0,0,1,0,1,0,0.2221,1,100,0,0,1,"14,185",0,48,4.6,37.5,"2,625",25,14,0,4,0,4
496,15692.5,1418,2,3,0,1,0,0,0,0,10,0,1,0.3839,1,100,0,0,1,"6,935",0,41.5,"1,875",37.5,"2,625",30,14,0,1,1,2
497,15692.5,1416,2,3,0,0,0,2.1,0,0,13,0,1,0.3839,1,100,0,0,1,"6,935",0,41.5,"1,875",37.5,"2,625",30,14,0,1,1,2
498,19927,1730,4,3,1,0,0,2.1,0,0,13,1,1,0.8743,1,80,0,1,0,"47,675",0,50.5,2.85,37.5,"2,625",25,16,0,2,0,2
499,10833.75,250,1,2.8,0,0,0,0.9,0,0,4,0,0,0.4356,0,20,1,0,0,4.95,0,0,0,37.5,"2,625",25,16,0,0,0,0
500,29371.5,745,4,3,1,1,0,0,0,0,3,0,0,"10,617",1,80,0,1,0,"133,175",0,52,4.3,37.5,"2,625",30,16,0,2,0,2
501,2245,3314,2,2.8,1,1,0,0,0,0,6,0,0,0.2839,1,60,0,1,0,10.21,0,"78,333",2.3,50,"2,625",25,11,0,7,1,8
502,1939,10494,2,3,1,0,0,2.5,0,1,0,0,0,0.1852,1,100,0,0,1,22.29,0,"56,545","4,982","33,333","2,625",30,7,0,1,0,1
503,476,12776,2,2.8,1,0,0,2.5,1,1,0,0,0,0.1928,1,110,0,0,1,12.34,0,"37,231","3,377","33,333","2,625",30,7,0,4,0,4
504,39293.75,190,1,3.5,0,1,0,0,1,0,2,1,0,0.11,0,20,1,0,0,4,0,0,0,"33,333","2,625",30,8,0,0,0,0
505,12917.75,1587,3,3,0,0,0,2.8,0,1,0,0,1,0.5078,1,60,0,1,0,"111,025",0,58.5,3.2,37.5,"2,625",30,10,0,6,4,10
506,5193,4909,2,3,1,1,0,0,1,1,0,0,0,0.7368,1,90,0,1,0,23.14,0,"46,333",1.8,37.5,"2,625",30,10,0,3,0,3
507,15611,1299,4,3.5,0,0,0,1.5,0,1,0,0,0,"19,318",1,60,0,1,0,"27,875",0,75.5,2.55,37.5,"2,625",30,11,0,4,3,7
508,65988.75,153,1,3.5,0,0,0,0.9,0,1,0,0,0,0.4549,0,20,1,0,0,8.53,0,0,0,25,"2,625",30,9,0,0,0,0
509,15692.5,120,1,3,0,0,0,2.1,0,1,5,0,0,0.1827,0,20,1,0,0,"6,935",0,0,0,37.5,"2,625",30,12,0,0,0,0
510,2584.5,82,1,3.5,0,1,0,0,0,1,2.5,0,0,"2,501",0,20,1,0,0,"119,175",0,0,0,40,"2,625",30,12,0,0,0,0
511,15692.5,164,1,3,0,0,0,3.5,0,1,4,1,0,0.1647,0,20,1,0,0,"6,935",0,0,0,40,"2,625",30,12,0,0,0,0
512,26717.75,1922,4,2.2,0,1,0,0,0,1,0,0,1,0.3347,1,60,0,1,0,"9,325",0,72,4.55,40,"2,625",30,13,0,17,5,22
513,1043.5,3021,2,3.2,1,1,0,0,0,1,0,1,0,"15,455",1,80,0,1,0,"225,875",0,100.25,2.65,40,"2,625",30,13,0,1,0,1
514,18662.75,4212,4,3.5,0,0,0,3.2,1,1,0,0,0,"15,545",1,60,0,1,0,3.12,0,62.8,2.66,40,"2,625",30,11,0,20,3,23
515,12179.75,80,1,3,0,0,0,2.8,0,1,3,0,0,0.1055,0,20,1,0,0,11.24,0,0,0,40,"2,625",30,11,0,0,0,0
516,35068.5,153,1,3,0,1,0,0,1,1,3.2,0,0,"1,251",0,20,1,0,0,"57,975",0,0,0,"33,333","2,625",30,8,0,0,0,0
517,14014.75,682,1,3.2,0,0,0,1.5,0,1,3,0,0,0.2195,0,20,1,0,0,"92,425",0,0,0,30,"2,333",20,13,0,2,2,4
518,25006,152,1,3,0,1,0,0,0,1,3,0,0,"18,914",0,20,1,0,0,7.87,0,0,0,30,0,20,13,0,0,0,0
519,3494.5,10688,2,3.5,1,1,0,0,0,0,2,0,1,"57,469",1,60,0,1,0,"9,645",0,"105,909","3,764",40,"2,625",30,0,1,15,2,18
520,26146,150,1,3.5,0,1,0,0,0,0,1.5,0,0,0.44,0,20,1,0,0,"6,345",0,0,0,"33,333","2,625",30,0,0,0,0,0